x1,x2,x3,y
-0.5205292711418767,-0.46309337645792326,-0.8191683434729746,-0.5431314593126213
0.5180733301389149,0.9060310157262328,0.9794131665066805,8.458876096894954
1.0,0.03221604492142971,0.5329235983310145,6.742256813041307
-0.9729554611828488,-0.006308464221381316,0.1097648961124118,-4.242194298044788
-0.03420394906158908,-0.19090098426601632,-0.7442844302223386,0.8551970010514953
0.08838320877872086,-0.044543437255571305,1.0,-0.05849022881288332
1.0,0.5099418770801598,-1.0,12.423597944042111
-0.9857245769306553,0.09982215416431561,1.0,3.277868900848175
-0.8452826364627384,0.27888593291694797,-0.8215256627181253,2.1736448608639454
-0.3808330154483861,-1.0,1.0,-4.547721757156058
0.6280641241690275,-0.4180493848009912,-0.15234079520286414,1.300963030729839
-1.0,0.9791778605749335,-0.31983996408602366,9.948471445578566
0.2656238743900652,-1.0,0.3797100568817837,0.8430900102476568
-0.07192277010755177,0.05433202416706284,-0.41592008919300016,0.9890337637800384
0.32556945714980845,1.0,-1.0,5.259149291008305
-1.0,1.0,-0.639648563041765,12.81551346217471
1.0,0.08051899233944648,-0.9175554165825157,8.875351678019804
0.8061126123614799,-1.0,-0.22700972032694633,-3.3988099344798672
0.2650653619589174,-0.2527494318708956,1.0,-1.1169750522275237
0.4990634071754245,0.4878925403277832,1.0,3.702263724782064
0.7263578130933217,0.0006637927995012394,1.0,2.5507617749129343
0.7732691794451962,0.9605132405476364,-0.22654399036921014,8.470558073652796
0.6457322321208745,-0.19661999679823117,0.03181780203272777,2.910207635398944
-0.34965364347215,1.0,-0.5405355273014201,7.520286755968555
-1.0,0.06458457657210404,1.0,3.831291663845703
-0.522514517847462,0.27337835542005684,0.8164370998009416,-0.5321761130326648
1.0,-0.6543098142264396,-0.6810028172622271,3.9114815251600574
-0.5823438201714572,-0.2983870874163177,0.4155698036090989,0.20753245209151835
-0.029213182473365018,-0.8213295910444058,-0.44504342697454113,0.9814563810125845
0.4643875380002944,0.7472950358321793,-0.3770788774120615,1.5318783304862558
0.43604858799175883,1.0,-0.19711929754114133,9.536204229695377
0.014910248841510931,-1.0,-0.5988389377869947,-2.4251059955951932
-0.8079635725664462,0.08307006755105006,0.11100065876158038,-2.058698028120515
0.22036949282122054,-1.0,-1.0,-18.914957974183423
1.0,0.3483776706490569,0.47312431443233693,8.756955641591018
0.11309653231879846,-0.12694627576700723,-1.0,-3.644493462586022
0.7145803491322951,-1.0,0.3062208584866577,-1.881025487481866
0.7167897805340924,-0.8280771416333546,-1.0,-13.125282858182565
1.0,-0.6609568865647559,0.20382754656104862,2.880659527278658
-0.9095112895582893,0.0645288627781706,-1.0,7.668663641798691
-0.5222429713335128,-0.10303645982373899,0.9255580222236439,1.245101453973727
-0.20138855407694556,-0.0649754646038394,-0.9231692019791025,-0.8240670742569433
-1.0,-1.0,0.2514846590739028,10.157442270512178
0.6573184737582443,1.0,0.6011567077733211,8.118390454441627
-1.0,0.8528876893280195,1.0,12.926689856314038
-1.0,-1.0,-0.003267902143642365,7.363104507687293
0.04668153961107313,-0.04436231531741286,0.10708747679115005,0.5681570745856707
-0.09509433948249502,-0.3580924937615868,1.0,-0.04604537871435854
0.1882327047668897,-0.4373024229423874,0.31716747686686153,0.9775630083195113
-0.35678687364564743,0.9323362904042156,-1.0,-2.3524768258711797
0.39648070097912,0.06764941664443125,0.5563876604562839,1.7147896577592294
1.0,-0.08294838627632006,-0.3267787281522543,5.063025263352297
-1.0,0.41975902630653006,-0.1698839228993818,-2.680811379256908
0.6679948615363402,-0.1430949203395684,-0.356388622783286,2.048322836377553
-0.17085449662140273,0.6033224336347449,0.647968123174312,0.9421775673434228
-1.0,-0.9587614769274617,-0.2404476607088193,5.521804241473548
0.48034641660656696,0.4358708857810183,0.24712548309715054,1.206896617356821
0.27416276270624573,-1.0,0.218347911076892,1.2256693394062323
0.7930823058440044,-0.019298844867444487,-0.0690335109094189,1.875712754285067
-0.3703947614834624,0.8816580823162004,0.07990574670379424,2.6703735166163414
-1.0,0.9744830567368377,-0.4695566836782441,10.816135853588237
0.4370693600120592,-1.0,-0.4821270879178441,-1.8980898493380358
0.3776266706624296,-0.534759122911868,-0.3919657094603146,2.5966573726416304
0.8665940032798156,0.1285497906991513,0.9243439469390702,6.28922082000327
0.8829992943201128,-0.9931283799815027,0.12324296837225646,-4.467652262408812
-1.0,0.5672293498730783,0.7136358561971252,-2.6439652085057217
0.6294697886432514,-0.5517076687456164,-0.9271479133881642,-3.620091716347709
-0.15447334627711462,-0.03768227696305315,-1.0,-3.007083222659939
-0.7268030238205783,-0.5561359394888867,-1.0,0.10482805624629865
-0.5599752848106958,-0.7896336630912404,-0.6218283648143574,1.779379547019544
1.0,-0.8214081503484023,0.7223539323515833,1.1194566181415186
-0.8721151132950076,0.9046258306055142,-0.34954264334789276,2.937106700705319
-0.2659854007904012,0.4158508140531576,0.18283775607420116,-0.06367825410604316
-1.0,0.13286623958865662,0.753937915628347,-3.2074327404170835
-0.32517929571635307,0.7184261401665903,0.22631754398663873,-0.8425870131559193
-0.6796740521097624,-0.576972251874329,1.0,2.619823165632522
-1.0,0.2253166281662402,0.8483094363485628,-1.1109977823069321
0.8846307221423106,1.0,-0.195453102830764,12.916798239352845
0.23717320323441426,-0.6298922501145372,-0.1565758993183497,2.265878066769125
-0.5023080999673011,-0.00023738649103610676,-0.7446639366428147,0.5159697099871472
0.5336306441877581,-1.0,0.7908560148620867,-2.1647732463579694
-0.9270892015765135,0.3946062290174761,0.0016122528647042333,-4.200413528559513
1.0,0.6823725763055652,1.0,25.243927898509938
-0.08632383560418888,0.2251648026310331,-0.5260519419017988,0.607274568608487
0.3206744237733292,0.15927265734993368,-0.17057553445143991,0.6043076963186949
0.9045907079135427,-0.4365205486647252,1.0,2.060772324504888
-1.0,-0.07263965597032462,-0.4731579500947958,-2.7191934286560575
1.0,-0.16095686040875035,-0.11439042915555464,3.508916063498909
-1.0,-0.2832777582907344,0.057847324105787745,-3.1726358243526493
0.7438750081638046,0.0025588429519267653,-0.5990931215167672,2.9214039606451534
0.1355851075309955,-1.0,-0.7709368934283094,-6.3674369113256954
-0.17316043637331635,-1.0,1.0,-5.8505435442958165
1.0,-1.0,-0.1643239083214627,-8.637294303720095
-0.3292406043872429,0.3465875345475995,0.7054339638362119,-0.33431779534244555
-0.7918893665592355,0.3167205170210925,-0.9545581312264724,3.3996987555399043
-0.030591614622713426,0.10813079959340754,0.30533237985284956,0.9634898836103889
1.0,0.23502089319542407,-0.1289021134479913,4.959078006248474
0.0212516749944045,-1.0,0.5441898729819914,0.7336909868074507
-1.0,0.013668585404101208,-1.0,10.91834667241978
0.21272151910399661,0.17564706360476268,0.1873734970507872,1.2188050259413554
-1.0,-0.23618229532550217,1.0,4.846220065986684
-0.20954035588762787,-0.860354013572018,-1.0,-10.548209878438275
-0.17235704614512315,0.22633709956042591,0.9119714760778421,-0.13441622716939328
-0.3471253241338015,-0.1924993016741361,-0.49371931917114487,1.0319616367385451
-0.044517770943507395,-0.5198826963621537,1.0,-1.422892716007204
0.31755469803739267,1.0,1.0,9.911259975610305
1.0,0.1515680863227522,-0.06542700912203392,4.799407459977883
-0.7071470246847338,-1.0,0.03925460853458884,5.927759593115943
-1.0,-1.0,0.49661584170280504,12.797771157624322
0.5644840694689666,0.5292532053506793,1.0,4.6039231247004855
-1.0,1.0,-1.0,21.585423237110565
-0.28425738088809394,-1.0,1.0,-5.432348191133177
-0.17261301780728688,0.2384161481685676,-0.2788586960576598,0.4095258208431619
0.23047486067284195,0.4563355127476034,-0.6862869330193815,0.7069205045895401
-0.4129704653635564,0.971712964290657,-0.9012446531672278,1.951950711618705
0.21640035353872067,0.6016154853679336,0.13398672448649673,0.5395647375142569
-1.0,-0.6506786427218252,-0.6398384580070067,0.9564177143472424
0.028047935077507802,-0.5663069371744787,-1.0,-6.2753576483636655
0.6060135850344297,-0.7721790532718908,-1.0,-11.20378780385824
-1.0,0.100406260380838,0.03588003130961415,-4.461689497046873
0.46320337159456515,-0.7585516471922329,-0.7146723697158839,-0.052665053062783906
-0.3545349121260619,0.2866446450369531,0.7284890639228443,-0.15808205606807493
0.6111087015889396,-0.7615177898784988,0.7929166176162894,-0.7874529760023414
-0.10584868038207396,-0.3478138747349202,-1.0,-4.676200425422167
0.08679976844244663,0.44434102649812623,-0.45774835421893334,0.9136218151079929
-0.26979137004483955,-1.0,-0.49639281569392346,0.6537341398634667
-0.4337556618859819,-0.7688609762550149,0.695099669988456,1.2101116281587272
-0.30742140216959,1.0,0.4504073187071893,7.6930564340320196
-1.0,0.8937088589410735,0.4955746586318506,-1.3706283343553907
-0.9547813454138128,0.638423533929118,1.0,6.727939806585635
1.0,0.7602514596626915,-0.22888066509127492,8.33815565238573
-0.00806560832376313,0.5498579310423461,-0.2239021853672607,0.9688473103117727
0.34460363281091233,-0.5003715947591143,-0.11216817843562166,1.5780631182541196
0.6096020088614038,1.0,0.7569702030351189,8.756559520650084
0.7846443085050168,1.0,0.9948508237482312,14.208225669401736
-0.631812013472699,-1.0,0.8399301442244462,2.189383321645919
-0.27806694794855047,-0.4666157436409244,0.9572747015153269,-0.09251792989264877
0.7865371325918327,-0.2154442905104208,0.5219575702176285,2.0797165524340304
-0.0236671457630242,0.47616177667175896,-0.20951163510174786,-0.25639377850108275
0.3416615231059752,0.09390635828910487,-0.964849931924461,-1.7176897324972578
0.6375935760892522,1.0,0.9137669974070006,10.170831182645447
0.9702226458030005,-0.982070662767,-0.48956802721689163,-8.381791600024114
-0.35697648380064506,-1.0,0.6545645786677554,1.3680344772120867
-0.5462609033146213,-0.8482305185852534,-0.21204723112177004,3.0586801142206204
-0.7497956251932731,0.34397796420019455,1.0,3.110195414666942
0.17360186922333787,-0.10561746094280444,0.9735586915151464,-0.39828843268481184
-0.3892997791441848,-1.0,0.34742616653726777,2.713706444702186
-0.9527770039590966,-1.0,1.0,16.36727959258595
0.9578085800433362,0.0934767512418273,0.36709483805384724,5.715238386655921
0.1512885599113305,-0.9752980877904214,1.0,-6.569033676668535
-0.4152248486920227,0.03283266875760482,-0.529518636307241,-0.05762330189810879
-0.588863428304113,0.3351114373124173,-1.0,-0.3778701584364364
0.0739067191173548,-0.10442129575161951,0.26930447967803306,1.3426610706926816
-0.6347954181743813,0.32222034843213976,-1.0,0.2318667335682435
-1.0,0.705422580132981,-0.21909134259707508,0.5475056098543201
0.7301794235569519,0.6346103713606108,-0.497603592777633,1.1487528405935143
0.17180006491125943,-1.0,-1.0,-18.44393187882702
-0.7787975649698498,1.0,1.0,16.489076886699294
-0.8348193777186923,0.05818324656717744,0.5906569306023579,-0.5252828477783831
0.9967854151631457,-1.0,0.47493251504152645,-6.714013872169227
-0.7371361005470172,-1.0,-1.0,-6.328818843477203
0.47831180519922656,-0.05905813580133845,-0.3839116768824067,1.4384441182785401
-0.2463911536456238,1.0,0.5391597692563961,8.548222949272319
0.13225639814494627,-1.0,-1.0,-17.366656308735198
0.4906832559674088,-0.8413478206082317,0.2617075855230955,0.9930457798677206
-0.43799506585513126,1.0,-0.9035445357985117,2.6841227516683257
-0.3013170262662852,-1.0,0.1763586921819975,3.3848441051274443
1.0,0.8581185590561466,-0.2115679464628557,9.59355764764358
-0.009361260906049163,-0.38483649734881586,0.27858048796446155,0.7137102437130883
0.24781247723800437,0.2807640943043037,-0.24468187210777725,0.8277708491327794
0.7454765466567372,0.6389181553175851,0.3217978503781369,3.0097717186536856
1.0,0.2655092648660473,-1.0,11.16404522424056
-0.40690581369724166,-0.23205118666653846,0.9603892077009071,0.23857281291155819
-0.13093520137304093,1.0,0.997544324621535,15.073195823913661
-1.0,1.0,0.481169441693305,1.821410578681429
-1.0,0.7932459401611582,0.10869255309646886,0.47387150121510213
-0.536410812246404,0.2060660327491648,0.4725548754144382,-1.3096921268787252
-0.184356031894793,-0.10378273570050678,1.0,0.64408941896325
1.0,0.7072974406713903,0.9962705925067523,25.51349503939859
1.0,0.5137435713581191,-1.0,12.81966490536474
-0.1548218998360653,-0.46742178000334866,0.7527923980363882,1.025753054839726
-0.13067962470924943,1.0,0.8958921306955963,11.733304557962091
0.7374547432610139,0.46920653267768775,0.17043969098536071,2.2028451116837906
0.4846113234490419,0.10520972216800217,-0.8522530024087984,0.42420784578196824
1.0,0.6493986243395309,-0.3480158400378288,6.940790661313689
-1.0,-0.7851217019850913,-0.41800676004275283,1.7875836636099547
0.7318212307413126,0.20838929033190312,0.6818837842867278,3.404870633247045
0.2794890412872957,-1.0,0.368630860638276,0.5670602861820259
-0.9523597872983816,0.16931217943281007,0.12874300695994445,-3.2835659694345534
0.24551237135241055,-1.0,0.8713208667339287,-3.5324244411514516
0.07983987000635095,-1.0,-1.0,-17.373148339975156
-0.3775922177348161,-0.7982439620525617,1.0,-0.9844532608704302
0.28195066589139106,-0.30343569208999366,1.0,-2.9869694559563755
-0.8481133298144332,-0.4877995558497985,0.4560189727730619,1.5050382720513138
0.8173814152146845,1.0,0.14269143360046455,8.722488286271714
1.0,-0.3295463156390501,-0.6776227416260601,5.17144098454113
-0.2124346517028215,1.0,-1.0,2.1083664365910333
1.0,-0.4549459251903638,-0.6391521372575957,5.182440154811759
0.4981851418937058,-0.3364233341580032,1.0,-2.0784355460134383
0.1633750178593789,-0.19867501084571093,-0.8936875393530568,-0.8482652881370059
1.0,0.7049399112666945,0.3974722349138313,9.63231498748612
0.21778121384600735,0.6202283988627053,0.5377129126914979,1.4055351939121534
-1.0,-0.9770713128022024,1.0,21.151281179103233
-0.36163923549533683,-0.6554354706951147,1.0,-0.4211413784828452
-1.0,-0.4983336794887048,0.6932915517818965,1.7664248373196303
-0.3375239716691152,0.3012843537718286,-0.5760582949231403,-0.35424842978009674
-0.9608828366583113,-0.6812076339026338,-0.9336925709087422,3.583474087221526
0.8441900542049672,-1.0,0.03653307468696676,-4.654862850485287
0.35887864038725925,-0.11306527109916908,-0.209841686372777,1.3713676150200982
-0.2693687057921472,-0.3858832000461683,-1.0,-3.0793270258499774
1.0,-0.1512343455578733,-0.247215027599069,3.799272696488993
-1.0,0.3179533851596401,0.15682706525918655,-3.9050900563832065
0.49435472780901324,0.2782831998153834,0.8855174736275369,1.3735963153909794
-0.7683923755369433,-0.601607196796289,-0.01897825798665087,1.1734119471960045
-0.6223034074151697,0.1287001842508222,-0.4735914238346195,-0.9601405171282233
-0.8414054930428867,1.0,0.13475553016568287,4.0364165292124365
0.28091755047414635,-0.28888942236484016,-1.0,-4.49588846575292
-1.0,0.013406218109890622,0.6699009714510717,-2.719681747301521
0.7222050994961164,0.11617327561255864,-0.20520799236777876,1.5964121881322586
-0.7180337295449848,-0.3287670018053681,0.4508638163507248,-0.5545779790733105
0.8324018509701863,-1.0,0.30693169414951127,-3.974304435165577
0.385927563040094,-0.9936897228041701,0.3790716485250383,0.6371444836930121
-1.0,0.7774476345793744,-0.06350980253792926,1.6100633972486527
1.0,-0.14980401923285958,0.6611932872187871,7.219356796371531
-0.24258752172427434,-0.3715907052985823,0.5582129346898943,0.8145315051912434
0.5232112895028396,0.8366912936074884,-0.8504139156272625,2.8956742930322528
-1.0,0.5254920384281365,-0.47840529618916405,0.962053746589383
0.2812148034960702,0.12756197704353522,0.6604121344904617,0.492895297207002
-0.9083105003296785,0.7108947025808476,-0.1854536555916273,-1.5595377937094939
0.15002862954381446,-0.5308398689342853,0.9240821313163656,-0.6106518655557013
0.47163630585923055,-0.2240633514391741,0.07621747369624954,1.5576341859557536
0.9524230659786337,0.19997527107156277,0.08136689646558892,4.461550636413793
-0.3625892228339025,-0.3450616857768076,0.17559502476881073,1.1534257334643907
0.026612398386656633,-0.20144429197940106,0.04614826820394069,0.8268173119893849
0.28524117499979496,-0.5887812925670863,-0.3903707287089013,2.0280444070495753
0.17426111787591192,-0.3597562748848877,1.0,-1.4076079920760747
0.7679868848416342,-1.0,0.08958222183397213,-3.0064821728273023
-0.3303729179750392,-1.0,-1.0,-13.779975018686468
0.03677215169681891,-0.11820281221568041,0.7394730983020783,0.16462591704917878
-1.0,0.10417518888523625,0.2876142931704988,-4.6053441572172025
0.653512850592711,-1.0,0.8931620339948132,-4.8649643472541335
0.09186563775725842,-1.0,1.0,-6.8366525443025346
-0.17540791404496958,0.32939075942391116,0.9469029639572515,0.7420786905981015
0.4924700746176891,0.13330592632288862,-0.18337243611411935,1.8089273490860271
0.13654684103047088,0.31368448670709737,1.0,1.1005249107906392
-1.0,-0.6366856344594878,-0.22832964838392145,0.6422762604635227
-0.030318972120680243,-0.9127043451981209,-0.058088322565096995,3.1274358944765988
-0.1033399816375038,0.6306829802238823,0.9906570871062943,5.311534744874699
-0.7075431006113504,-0.22451128611182414,-0.5496067086316179,0.874819315508246
-0.09182381943962259,-0.5367137152896408,-1.0,-6.124862592087014
0.8162295545490754,-1.0,-0.7176148215604474,-11.438096459769511
-0.20883521169360808,-1.0,1.0,-5.457649454213337
0.8681720330254337,-0.6334293397151995,1.0,-0.9354470041326057
-0.0814996905609724,0.2539295961229324,0.7383111948839991,0.9242525256372
0.7254333344172355,0.9772437665312794,-0.7840536526161224,12.266813696351404
-0.9471834423163441,0.9885598330261147,-0.568467568515225,8.955956751021548
0.6545697348698323,-0.017487039302946705,-0.5108304113404081,1.4612837784970614
-0.44500315679360347,0.17016146521793685,1.0,2.4528445348081984
-0.004615972677031399,1.0,0.19475029579232395,7.482969868247479
-1.0,0.4987457257669732,1.0,5.012741658103071
0.9056374295327696,-0.5280102415759043,1.0,0.6202500646490711
-0.22150174410197443,0.05806103390212192,0.5894963948598784,0.48161935345095125
0.14817620955583477,-0.7090522554778507,-0.26674548888184235,1.1283742553843799
-0.6970920097342561,0.8506608346471525,-1.0,-0.8860234665214303
0.4394322535347368,0.7517028049286669,0.9532084820531876,6.122909525342327
0.6664907191452851,-0.08235169330982561,1.0,0.6998521490814291
-1.0,-0.043681721837641074,0.5403262839843244,-3.2778715756800545
0.21728829674664984,-0.5201371927592489,0.0936408198163532,1.6768768501295201
-0.9589213061789386,-1.0,-1.0,2.6884745471788856
0.976542291308591,0.5924610102089529,0.3319427272199469,8.652115414671993
0.5975752890845016,0.21916392387959283,0.23893919977291955,0.8454499280429756
-1.0,-0.23961838571180194,0.6032488974829271,-1.6776447511188535
-0.8955843954756095,-0.1871320243829684,-0.2149719603415643,-1.3151895038408972
0.23988924901590747,0.019671176740283514,-0.6782413691738725,1.6523342279465685
-0.4863687628079463,-1.0,1.0,-2.4625240742102634
-0.29029817341295794,0.7038696741063204,-0.0713071060835424,-0.42779431978134413
-0.6600059470293875,0.7166884633098227,0.23943943349107522,-1.6456570253741805
0.4596971252636972,0.3597352849855795,0.5658156033592892,1.1219324992473023
-0.007575235883584774,1.0,0.14973516603397963,7.361137752112291
-0.4555631778773106,-0.4466135553263182,-0.8362668221147316,-0.32374739733214203
0.12093260110875526,-0.9061718020772114,1.0,-5.150670756878359
-0.5258267941742427,0.896756849205246,-0.01246939632181876,1.532105070288949
-0.5789375371949992,-0.033310047789423036,-0.34976052991774975,-0.30236789220234456
0.9394013789286879,0.765410086193568,0.6032944561953455,10.170011712519948
0.45845233493831095,0.712880491600576,-0.8680422352005224,-0.3562540731059459
-1.0,0.2569919489628678,-0.262464783091932,-3.006214206447718
0.5196337526936399,-0.0725709354767865,0.7005905353444406,0.87201349438125
-0.10437910378428916,-1.0,0.42051694330722755,1.535114937550771
-0.08875962502841572,-1.0,0.5045484420735191,1.4932174065208796
-1.0,-0.952286690016312,0.47851209505024705,10.763061730627548
0.24434958945107477,0.6744714128713729,-1.0,-3.2784184566810235
-0.10872301620301239,-0.5759927222238244,1.0,-1.3845911169008107
-0.9961847273624511,-0.9576090608097807,-0.19465739719895092,6.244756807657404
1.0,0.29152532426219735,-0.13085812139096853,5.536941531039229
-0.19702669660542527,-0.34016894051486823,1.0,0.2630359717791716
-1.0,0.2946615939143218,-1.0,15.049386924850713
-0.07164227780281118,-1.0,-0.6146474817777239,-2.307036672313019
-0.3358054587444117,-0.08106483461233638,-0.18462902244817547,0.8638104544633302
-0.24775616084243857,1.0,0.17311400148074974,6.401352938358233
0.7535817930266697,-0.22081588658752205,0.1224888316316155,2.0955264603966133
1.0,-0.13650344556385918,-0.36704335351052597,4.622195060679066
-0.24091816951859002,0.9370401240183246,-0.0761916789591035,4.543851582350464
-0.039653134872992934,0.19520966061700729,-0.16948852077015997,0.6227592836788394
-0.16899012536148605,-1.0,-0.6401798472172697,-1.5342496770321867
0.2505180850264275,-0.20229888965091058,1.0,-1.2119810029801485
-1.0,0.3048183956330863,0.5238074403880746,-4.598068462908337
1.0,-1.0,0.18837035390499213,-7.838674044637165
-1.0,0.07923787161504792,0.839657644735329,-1.4326777293241824
-0.6437751085335641,-0.24697362359174724,0.14566036794143633,-0.3641944687716474
0.4769157325773248,0.36724293423206733,0.13817693978196366,1.8642601933363232
0.04536961400945927,0.6308217362070314,-1.0,-3.832453927354477
0.9010271343932861,1.0,-1.0,25.697319657103076
-0.8916043707928398,-1.0,-0.8903966201430524,0.684407859769298
0.05965426368316762,1.0,-0.4274022924832497,9.86510943648453
0.5783123476171725,0.7166026740883185,-0.7125390260297007,1.542061310131035
1.0,-1.0,-0.07449126941568229,-8.198045767085027
0.27449314023850757,0.7283055480280634,0.43063552297052987,2.491459470253399
-0.3239407430515575,1.0,0.30743290914956334,6.295610436548115
0.28184948286557976,-1.0,-0.04506588795908262,2.157802595631513
0.37305617782692657,-1.0,-0.45982677510797854,-2.2325778323092687
-0.41252840462090434,0.4097120819872233,0.8778248310067054,0.4437037161998544
-0.3283091198789052,-1.0,-0.6626029723797466,-2.2274608049815514
-0.17392142892264073,-0.04304291246609049,-1.0,-3.0170981095842597
-0.3977480496898702,-0.5143797337028346,0.09467293281705969,0.5140981756690349
-1.0,-0.34621192481443286,-0.13356444781782884,-2.590433040361411
-0.9999560498804692,-1.0,0.9643763954190461,20.96967233222132
-1.0,-0.03190987262274825,-1.0,10.157887448450623
0.5965405371094492,-0.598733635337416,0.03892843081276842,1.0648754356457606
0.013810698169792524,1.0,1.0,12.595555569557526
-1.0,-1.0,0.8888785281049976,18.737102544239338
0.2621561267107855,1.0,0.2583116293010419,6.862434240670445
-0.02751385743818502,-0.5736547332431037,0.29204736456365743,0.7292853797760932
0.34193173295213164,0.16044000083271626,0.8922792205599221,0.5077926858617838
1.0,-0.4153044323770849,0.915159276545565,6.17854841908902
-0.6255524017043952,-1.0,1.0,-0.29856404689031674
-0.4952566150893556,1.0,1.0,16.204986658710467
1.0,0.8597063497860604,0.2964423527147786,9.906541496565643
-0.14680279281319075,1.0,1.0,14.531166700983874
-0.4326269498929143,0.5880702486746983,-0.04696278365808415,-1.066096911245178
0.9782987905387897,1.0,-0.731264447382947,24.596930557932055
0.3953580876247951,-0.605275975019204,-0.17782301473400097,1.3372896969327068
1.0,-0.18417422458684607,-1.0,5.2199766610041936
-0.5250348832019855,-0.33372008536469244,-0.4898243977009402,0.5844536087978328
-0.46826559555314695,-0.824054162226207,-0.3601974003480355,2.2653012808611113
-0.3461974749219592,-0.24220572519003558,0.7867316281789487,-0.2869833811396607
1.0,-1.0,1.0,-8.635814523584445
-0.8141971961701697,-0.8297472727078568,0.6663555528462515,5.404294163380874
0.5630094466107596,0.1202285075973446,1.0,1.1893145209262403
0.6072072545259994,-0.6181760010125734,-0.8209774516756831,-0.9689559386267901
-0.13093125990563648,0.3244206080446588,-0.17930638677921773,-0.1311302540003849
0.6118983067671468,-1.0,-1.0,-24.216103134636064
-0.6637984391207756,-1.0,-1.0,-7.830131771553546
1.0,-0.6278793711880737,0.26223671949991867,2.7547273429747228
0.3032107663512258,-0.44460087960495787,0.06557934640020835,1.7414181366175718
-1.0,1.0,0.34435999428145037,2.8534191613874715
0.035371467660384015,-1.0,1.0,-7.100202266141304
0.010931478046200205,-0.9338962844666574,-0.1061017838105065,2.605076725203715
-1.0,0.17617439734814044,-0.010800631359300983,-4.783752257772603
1.0,-1.0,0.20127599817408814,-7.851711038993861
1.0,0.054203453919836164,-0.6442000120563736,5.128009334796974
-0.8969983560867696,-0.18344843238178288,-0.2690786134180363,-1.6419511317084088
-1.0,-0.5706833409411347,0.4284292063709281,1.172255241215831
-0.7316389543603581,-0.454590762905823,-1.0,1.9569635538318697
0.5239623777471618,0.7162815779989091,1.0,5.946967846518696
0.11554013458391976,-0.34004608176228746,-0.7999446361740699,-0.3937707987652274
1.0,1.0,0.7346613978030636,16.711529356910674
0.37830535742251903,-1.0,-0.12534696800626355,0.9173028165909813
1.0,-0.1654957402072843,-0.16139559397232728,4.997965972697741
-0.9549824028268619,-1.0,-0.15562475536987286,7.0521948905019265
0.009894701998953037,0.64720869806871,-0.6481081123860237,0.53071924421014
-0.16170742978273744,0.4656628174224833,-0.8429222059598889,-1.390465484286476
-1.0,0.8308726584138693,1.0,12.211187849740496
-0.11640695055341621,-0.8936993377267981,-1.0,-11.108872435886472
0.7226701659562453,-0.4566981148217928,-0.2672002939885636,1.294477463397147
1.0,1.0,0.5841470000380939,14.22659343796957
0.27721282960962856,0.4204688417986906,-1.0,-3.4331569922007272
0.1985423713769261,-1.0,0.47187976321465963,1.2154707271146705
0.9994045155853293,1.0,-0.2434742450025944,16.274671331064553
0.3049674868885177,-0.18024035279050166,-1.0,-3.9697548557711304
-0.5092466561056563,-0.48139181344271,1.0,1.4814479957190918
-1.0,-0.6785566554436975,-1.0,4.798565917582803
-1.0,-0.5003055341440246,-1.0,5.832891994597448
-0.2644280405476154,-0.5864559067744075,0.28460362311174126,-0.04907876386878096
1.0,0.19449216657151536,1.0,16.467800204369592
1.0,1.0,-0.9004257426481805,34.08736227483683
-0.009239373396007,-1.0,-0.7234827727601685,-4.855417429776094
0.3600161173577332,-0.34505455588233325,0.9730187007049871,-2.1362807901228367
-1.0,1.0,0.45469205063677665,2.1576923736564537
-0.17831322330290722,0.20021168940947032,0.6587479619020571,0.3274135094660178
0.40296142087685016,1.0,1.0,9.062768652305339
-0.5810163497569354,-0.5219514495249615,0.5818119366548795,1.0265999349338255
-0.6173200801579868,0.6463747613816471,-0.452073329046776,-2.3310522596219854
-0.23810089787803235,0.30371788983862147,1.0,1.8106335586789415
0.8814526618653742,-0.9808796197679284,-0.485285501635796,-6.5916863308319975
-0.6312852768899295,0.5020646026596105,0.14419017671530354,-1.4955861671858774
1.0,-0.2814965199399646,0.2305058751486151,4.710852491143082
0.4033461340429769,0.6443479170073063,-0.7858438051432388,0.9559737070571637
0.4645014490189523,-0.07913221213289523,0.8454895353197118,-0.22701402327333248
0.023570661857038377,0.9619691337101683,0.22538626988343946,6.136237641530689
0.02288759667173146,0.1656366045812223,0.43242800167284834,0.8243662660008888
1.0,-1.0,-0.5566986650995902,-12.010715785454565
0.67324256757697,-0.47961093995894055,0.2936701335428846,1.223475550028323
-1.0,1.0,0.028683215707133947,6.995471040174864
0.7352142736200893,-0.6327674771666425,-0.11781954105881831,2.01202396360433
-0.4567198049960832,0.24980126678267434,0.09709064383676447,-0.3489665106140375
-0.5124618945531656,-0.5815508741910325,1.0,1.488894909440922
0.5150730229725384,0.5027312221457765,-0.5668003186300112,1.9164857950849152
0.03367957190674775,-0.47824585966562805,0.8666523112770546,-1.1968459402445908
-0.32730869444476873,0.9996493046415498,-0.44210524086135394,7.587918595090684
0.9495054895236561,0.4022398041788675,0.6587003892880976,8.527246921901291
0.4934814594937369,0.7847323662660446,-0.7885240628486767,2.3212660809459633
-0.34039138109036693,-0.6824724063399918,-0.3034335634078591,1.470506701049432
0.67046551261759,0.13108934363567615,-0.3938743431463132,2.482529294335844
0.8257216667285678,-0.4985826104011797,0.6124576515534299,1.987311191110493
-1.0,0.37493726249170645,-1.0,15.027602840447445
0.5369358418881014,0.8821185708102046,-1.0,1.1271449867301817
0.6496567564587721,1.0,-0.47272139458199547,11.268204462133232
0.8111270701057514,0.03827110310301762,-0.750298782817798,2.244762464052
-0.8864231340375535,0.5865692712108985,0.05995404881022792,-2.982047138887909
-0.2530701271788738,-0.014479998099143465,-0.05673041199137541,0.36338049538590445
0.4611737465497161,0.6911809216090474,-0.5273401551273045,1.3324141087757313
-1.0,0.24521256253391166,0.3530056533827173,-5.281398251040159
0.11279521221388222,0.16937744998698556,0.6293495454926334,0.327361958156685
0.7296555938729219,-0.6215452784086408,-0.11740835380249037,1.126533994934529
-1.0,-0.45218845815090103,0.22879686822409662,-1.6100825352589048
1.0,-1.0,0.09560516190473067,-8.258592318818422
0.6715708395176128,0.9141980678182895,0.27253075186431786,5.34148070034464
-1.0,0.7935250658302755,1.0,11.9053421010548
0.709547904360815,-0.22611496662823982,0.1162149903125187,1.5382051540680544
1.0,0.526629212044653,0.7503189730254225,13.12176647555556
1.0,0.5700267701204462,-0.6817507209126346,6.350639719245679
0.6291603300786481,0.684337850215099,1.0,7.488670047906232
0.9748246764333379,-0.194633076883457,-1.0,5.3819182264660075
-1.0,0.8010437363637326,-1.0,20.067362210932668
-0.8996269871645184,-0.6904923873785045,0.9099064870360174,7.189389801537878
0.26862265944283026,-0.08183431261503737,-0.5409962347855863,0.9671583162468612
-0.38427887722300924,-1.0,0.5054913183731049,2.658091481893288
-1.0,-0.21350257987160504,-0.48102680640400375,-2.263037445253287
1.0,0.08415673763008091,0.1809535670552742,5.407835176949485
1.0,0.2394795957114111,1.0,17.041253257259413
0.9175697932458935,-0.5703083895186662,1.0,1.3241948834804387
-0.410306718752278,0.36147736080268844,-0.4911633260047046,-0.44721684941684264
0.9152530134863093,1.0,1.0,20.05297692979636
0.8251152670674664,0.14969162004909675,0.048999447159785214,3.2904245090094117
-1.0,-0.0024121103211383055,0.5099557914528152,-3.4283625965433346
-0.604943770897145,-0.07634959411240416,0.9134528319828272,0.9451770133674064
0.14695073926172797,-0.5462599803893999,-0.18163608967992562,1.4781183111170608
0.49112112031817534,-0.012444814201280519,-0.9823574307331371,-2.768021830456836
-0.3155077878142991,0.1804908776222851,0.5596012110393309,0.18639586531942692
0.16748331103787995,-0.6287470404979616,-0.36570065799642393,0.6991545619342272
-0.25678381301499287,1.0,0.2713680699472021,7.4507335827596055
-0.9875039538512607,0.14929326636674478,0.7656147120176284,-2.609372857575386
0.9952884671173998,-0.4128308397295639,-0.9010164421793267,5.738780890892799
-0.008784180001268016,-1.0,-0.97000765100049,-14.767484920278878
0.33233011284661673,1.0,-0.09877683868262155,8.075971574934501
0.42910585643720256,0.818889384273914,1.0,6.819837297549738
0.6575023647449847,-1.0,-0.44015067331932656,-3.6944007155969616
0.4232076408335468,1.0,0.21505793417871777,6.857943713894053
-1.0,0.327067859451206,0.13295576874138426,-4.207029296745687
0.6456031224165297,1.0,-1.0,9.872291080774175
-0.7154661422204447,0.5713376444081129,0.8624774414117644,0.70649397656418
-0.03089557518092345,-0.5200010633926369,-0.3186049472181496,0.7371181381667747
-1.0,-1.0,0.3073021136309635,9.908432266738489
1.0,-0.46521817113291153,0.5869779183985648,4.958450668072322
0.2205979471353059,0.9598899070103672,1.0,10.055495288356376
0.7550132801450937,0.9084811223769858,0.13284297495802777,4.817862681867412
-0.4276741132854951,-1.0,0.06535259109811387,3.475486257373359
-1.0,1.0,0.803593484343003,3.209967834153054
0.5144916514140916,-1.0,-1.0,-22.46808051858334
-1.0,-0.9731719583501544,0.7757943070030762,16.249650254742786
1.0,-0.1568265894192551,-0.46371125118983003,4.883107548937262
-0.5882675974334193,0.8860115329334568,-1.0,-3.009745975608204
-1.0,-0.634911493823785,0.472962620761175,2.000075546627531
-1.0,0.7245790946893351,1.0,9.242152338423832
1.0,-0.14619495444365382,0.8574997395926465,8.528281157123276
-1.0,-0.705852364906234,0.6144073778625572,4.390352570134132
-1.0,-0.8648106664021176,0.7897967879850432,12.685578915956924
-1.0,1.0,-0.2824164816681378,10.5142914228927
0.8088246231447254,-0.9528552800901946,0.8855207827875893,-3.9903858833167254
-0.250721556357165,0.9666113197279922,-0.051535511841479975,4.9558656942317745
-1.0,-1.0,1.0,21.384190453699485
0.09170282823921228,-0.46314918958331996,-0.018832699918125417,0.700456640103644
-0.26479278406494866,-0.04638092275647776,-0.665927450903609,0.8844916739840114
-0.3427836688063697,-0.5671467650259003,-1.0,-4.902039468474264
-1.0,0.8574870862088173,-0.01148437594325169,2.3772920149411436
0.3139645311239365,0.05912044710955566,-0.5671358709340373,1.0669605523476648
-1.0,1.0,-0.689089582815128,13.82318573054845
-0.18837132067953433,-1.0,-1.0,-15.548423264017828
-0.6761086946627093,1.0,-0.7123346042661789,3.4897212400948123
0.6405812783361993,1.0,1.0,11.128728456319188
-0.11674455435542552,-0.8627410959060617,0.8582668027037255,-1.245765517508953
-0.908454065353971,1.0,-0.025952709798255036,4.811340549517992
0.5577742445212683,-0.5118369633829165,-0.7663176949497419,0.0004983071800921668
0.8235716566799087,0.024290130587298897,0.1638810201521299,3.4231725127927297
-0.14579716825415545,0.9923189665140084,0.3645894628099031,7.069887987385714
-0.12736833300076578,0.783074985723923,-0.8422719379094903,-0.5352097528828169
-1.0,-1.0,0.6293337316877885,14.90183172790763
-0.5409530029698546,0.4300483589709223,0.6227180986156662,-0.31403231797697606
-0.8128078590311374,0.36220899129800355,0.04145989212383738,-2.6543215482142144
0.13529194564340696,-0.9966574809082911,-0.9390432633088517,-13.527615580659612
-0.18664773060679307,0.7728540853332315,0.5513367681644534,1.4311278499907183
0.18619013215554725,0.29190175824943476,-0.9606922252053354,-1.6595685830281983
-0.7674575284777232,0.7359739275516803,-0.09510537672343244,-1.7217798431671805
-1.0,-0.5192601240977146,0.2980274535920704,-0.3520571188261848
-0.2819569556005306,-0.2600329251404534,0.5140303706923663,0.08597640094500439
-1.0,0.03344682899492479,-1.0,11.99760104602313
-0.7252239158156071,1.0,0.4041206341596071,3.4509973811757386
-0.8346884007312458,-0.48053710171201747,0.31300756776357264,0.2137174934694338
-0.2990091226497611,0.9497723409383767,1.0,13.284695742530195
0.018906764546821497,-1.0,1.0,-6.834216749585365
-0.5908736117035371,0.6284100175497187,-1.0,-2.5699177207475836
0.42106026582999956,0.6514910514794823,-0.2066221919845057,1.9079838843773373
-1.0,0.42030089053379216,-0.24891808844607333,-1.9916396756313595
-0.5160723917008303,0.8782181953304642,-1.0,-3.0258150376195365
0.3491857558049061,0.42528332553653936,0.874538566984292,1.8241977650469812
-0.9858024126268503,-1.0,-1.0,2.6511226875968585
0.05072799304430009,1.0,-1.0,3.710954563483368
-0.3714880669329179,-1.0,0.9324984392493114,-2.807029145361561
0.05023852087186098,0.23879796748170556,-1.0,-3.254704239619384
0.517151122220612,-1.0,0.2754493913338787,-0.18989333284338852
1.0,-0.2371132818323276,-0.3229125077099195,4.494817854009231
0.2548075128332994,0.520756818778155,-1.0,-2.762099967631356
0.04735436375959412,1.0,1.0,13.143138164067569
0.7973832578385038,0.18257083238558147,0.6226932828917182,4.315261697202185
0.12063344754576955,0.9285752729276282,1.0,8.874770841294703
-0.08996644223281325,-1.0,-0.25525534204353884,2.5983019528160702
0.6125520487436376,-0.024191035610097167,-1.0,-2.4746623577616136
-0.23443218948167033,-0.9992352283198433,-0.3353614415535735,1.831866032574401
1.0,0.2609893241921344,-0.6742150236059488,6.16762784898548
-0.3369559980768133,-0.8965663725320276,-0.2757227845303585,2.340225137330137
0.646931630252424,0.10175959802682688,1.0,2.0413218250224987
-1.0,0.0903592712271013,1.0,3.4963825516308127
-0.27897948850778875,-0.41005141862264716,-1.0,-4.390614345479559
0.3995709356782251,1.0,0.36114494094319594,6.617696305321952
0.024193919207923686,0.49058795142689804,1.0,3.228552807734934
0.32692596964050336,0.8938622596398578,1.0,8.198228220446133
0.16431595157996393,1.0,0.6944962657560967,9.087513208610654
0.8267289017881343,0.22147763257057362,-0.5983094150046537,2.782928569911931
-0.16965947488848143,0.3824984578225832,-0.07372236569954294,-0.3843929897016278
-1.0,-0.45989842374923384,0.8608847600938123,4.26659705829599
-0.10386619897371241,0.9017247199499288,-0.6199797621379022,4.355943527688785
1.0,-0.766220824158014,0.32772876961102937,1.8449145177665205
-0.3218503289259238,-0.34321111593886977,0.12901470979850393,0.32461940316489934
-0.6081153810888322,-0.6420208064874442,-0.9953040869984335,-3.321677574571651
0.11127440082387996,1.0,-0.6846341934379541,9.820920624486122
0.1887240943249331,1.0,-0.3097556605006673,9.869124168119564
0.7384434125124031,-0.6229342344440383,0.6255490145448723,0.43454659462906975
1.0,-0.306160063197646,0.22903768838597527,4.1974732271961575
0.7330253563068636,-1.0,-0.40157867772112565,-4.560746811308142
-0.0357423966964876,0.5063160259819479,-0.07465190732201377,-0.47203325907450155
0.622854290337413,-1.0,0.5651496499514979,-1.0678993649389756
0.09463347419177626,-0.6200294607957093,0.9721305392786703,-1.91500817830484
-0.3690483106985909,0.4099500251698973,0.6585276203228327,-0.012065555168948527
-0.5869228940966236,-1.0,-0.3450710976174409,3.473178568306492
-1.0,0.3863952191026012,-0.9266851869642503,11.377732322646585
0.02771532910991903,1.0,-0.1979920651629783,9.61813395318012
-0.3277671752308595,-1.0,0.3240757192896657,2.960969165110007
-0.08164491730562173,0.09337529320700577,-1.0,-2.81494455956115
1.0,0.4847614879975142,-0.7585568569845855,7.775830206308768
0.5797982864236599,1.0,-0.07312805229204078,8.433353594971406
-0.6640580860636165,-0.7935326900278763,-0.4122804873918944,2.4055121262205263
0.04693097019405568,0.2714245332367766,-1.0,-3.435776374637781
0.13014317310994405,0.6411170538487863,-0.11585893029112349,2.0038514848125537
1.0,0.830751227995912,-0.4198940549756902,9.255483940184206
0.43564822301535844,-0.7109390455114808,-1.0,-9.073424559859406
0.3146977712887402,-0.9661015350295161,0.8006362882069391,-2.162681504042333
0.6990204552576722,-0.025000751083219752,-0.7024142119129655,2.125309180584589
1.0,0.5653876528936341,-0.5349532397129177,5.744657544001879
1.0,-1.0,1.0,-9.36597296333474
0.5653382278082435,0.8056166319076314,0.7787483938243696,5.265601748369675
-0.5043790718283891,1.0,-1.0,0.44285086890772674
0.4118904295199537,0.007640620992158231,0.036454434677948955,1.6386137261590579
0.9716158196998934,0.3480442475896821,0.10973181902488571,5.599354065795743
0.30007893295803334,1.0,0.4911111518037814,7.95563171217728
-0.2006984835370531,-0.7089192406451916,-1.0,-6.959476095129385
1.0,0.6041198907528111,-0.23854869757648056,7.542703311542384
-0.8574247925397729,0.38806306812866986,-1.0,6.759505842859419
0.41836800679185226,1.0,-0.2580775922450036,9.80651614596293
-0.4385898788154752,1.0,-0.35623010266674116,6.80846076491828
0.21053558600068056,0.039915982322195065,0.054758383338659566,0.939723945071075
0.9650054883043571,0.47255459395731214,-0.8356079219511054,5.963757954679827
-0.22280734210555408,1.0,0.18884926954892212,6.736019771636225
1.0,-0.21582760582773863,-0.8014254457633914,8.076641405557332
-0.06782084453985937,0.2957437211431799,-0.44958754843307736,-0.4420928610711041
-0.8766697960134382,-0.9422327631587792,0.15088192588235505,6.23079076372993
-0.4792844210761984,-0.5180830729370145,-1.0,-3.4688630134370664
0.9480901126867607,-1.0,0.7400156461316973,-4.736910962285492
0.7010177818721013,-0.47362674372371294,1.0,-2.3991892348793127
-0.2034302380845221,-0.2084915859983929,-0.6666298304317915,0.48242781666378654
-1.0,-1.0,0.6894949913744204,15.298578738964878
0.19484975037014296,-0.29796110204675874,0.7252513827050511,-0.04636532638444889
1.0,-0.1454102992384707,-0.19576334906067072,4.447301103616719
0.2148740771423019,-0.04500458527325235,0.6155140524513918,0.1624302030017829
-0.1985966903222911,0.15310626920857495,-1.0,-3.119600332613972
-0.9068561665930814,-0.8488280715224765,0.037695976125607045,4.484449535017431
1.0,-1.0,-1.0,-30.330919705135734
0.6444269361636776,-0.5850398505242371,-0.24878253705863806,0.809856986128615
-0.1261575051007544,-0.9298462234624953,-1.0,-13.16743735407305
0.13975771119676295,1.0,0.5135247590506993,7.129184211550325
1.0,0.19595266490383612,-1.0,10.062734158036251
-0.10380403396382909,0.9636396068845265,1.0,12.288345017821516
0.25655877104049174,0.36697454068177526,-0.059655027216838574,0.30690303696988386
1.0,0.07670581441740865,0.131408257095885,4.635381689099581
0.3748102051589626,1.0,-0.43477967880789015,10.579022809779499
0.39692539498593615,0.379561646350032,1.0,1.6004588410919411
-0.40837655931690664,0.5236545580466989,1.0,3.7329836253715034
-0.25610649891518156,0.05094985469060842,1.0,1.4642642105250139
0.898581907352761,-0.5079473954735307,-1.0,-3.248729007583674
0.7537588903249643,0.7325252425549389,0.41570513951681476,3.7579796859997243
-0.05936815324676692,-0.10195716165995505,-0.030602229789120416,0.5578861116935233
-0.8064737007392595,1.0,-1.0,5.03844533394755
-1.0,-0.2876935751451397,0.45196708285517184,-2.2190411714986387
-1.0,-0.44818250548111505,-0.044076184801795426,-2.5416714662639284
-0.26125771479421056,-0.49952585417459394,-0.48710305619187744,0.6094699917867495
0.6258764246743764,0.7224663042977024,0.3799019720222452,2.3989353982765755
0.7976326519761885,0.06864730318311185,-0.1998993999779135,2.6859979456170393
0.4897647880478633,0.32013152289452473,-0.22323071212301193,1.336629799198459
-0.21241438498356513,-0.40329320100297994,0.21529233275313242,0.2527870859543362
-0.7466797495605082,-0.06489822642577425,0.130006546780006,-1.934688415557324
0.41853987361543754,0.19461881772497835,1.0,0.7780395219649663
-0.6299153277098917,1.0,-0.06860011010330602,5.364152236860697
1.0,-1.0,-1.0,-29.265188599350896
-1.0,0.42891737874105473,-0.5285546038331073,0.2066112289624671
1.0,0.073094900780589,0.5602347166493362,7.466680195686175
-0.8338339238710561,-0.6075954426164603,0.3412195265376827,2.221281154713893
0.5169646750580315,-0.6809696190353347,0.5478149192336585,0.9440935359955338
-0.9919405796957581,-0.018458452973147743,1.0,3.9426623844830866
-0.043125948333399666,-0.12207019756222359,0.8931646028123528,-0.19471611193779392
-0.7351856285158735,0.17249814762835114,-0.871521354018703,0.4830722675972243
0.8812406284043293,-0.44254826385656143,0.04251085890841977,1.9943798541179716
0.9113954373314093,-0.27672775941722705,-0.4313971276425794,2.097487376920487
0.4283481366463686,-0.5939842619776319,0.8901494847739715,-0.5915732774803399
-1.0,0.23724167443906063,0.031779467048738574,-4.468516046036473
-1.0,-1.0,-1.0,3.278175704782051
0.4702179850551702,-1.0,0.06312070408110704,0.16358327550016655
1.0,-0.8073221713041812,0.4268761806783443,1.1327736358877876
-0.15308950511203623,0.4589507854195023,-0.1825525888501256,-0.6903763461850214
-0.4780620956820587,-0.8802836660805944,-1.0,-7.619464204929644
-0.6709954526870734,0.12753958215444938,-0.21958466067575388,-1.4057381271356175
0.18047867177082755,-0.06410805358763794,-0.9891691605964164,-3.159086773956656
0.8373571862610893,0.5591606453518561,0.2548987099048925,3.719016675169835
0.22555800745454602,1.0,0.42231448805519367,7.406140221328493
0.8007905037308765,-1.0,0.39891058577268,-3.4285699206254256
-0.6482926885653761,-0.1305758691302965,-0.07260376651557965,-0.9151166716225922
1.0,0.06535636794630784,1.0,13.415405337680264
0.17201517632892438,-0.1357153620323952,-0.6034888474831648,0.7886356119816739
1.0,-0.43037450940686206,0.3126541930087472,4.021245574096104
0.2363296359638618,-1.0,-0.1467152880056104,2.153504926768098
-0.3278035513577242,-1.0,-0.47635958327773253,0.3176688941511582
-0.13105666705956764,-0.7764870956527852,1.0,-2.016937947970538
0.8153436774396399,0.12974338765471338,0.2847824553429361,3.066863937035297
-0.20826086155049683,0.39575137205433575,-1.0,-2.715684656471429
-0.26825657972183237,0.11045912390902957,0.2174700739354969,-0.43651556943648073
1.0,0.6110371746189716,-1.0,14.209940512101566
-0.2089566803997407,-0.5251491753921949,-0.04151689931633973,0.9899739268526521
-0.398325798810677,0.56525530732129,0.25876792021084705,-0.4507811525440396
0.8326905832840263,-1.0,0.33540252779256763,-3.9530239996220464
-1.0,0.9590896253745018,0.6168500810625863,-0.9242084603547783
-1.0,0.6054527017465905,-0.7762176784015229,7.568536874700182
0.264973607098677,-0.37732555050043204,-0.08151675012504866,1.6889388547975657
-0.01117837498103813,0.46138648747393485,-0.5431945600814796,0.2905152309622529
-1.0,1.0,-0.8202869654657148,15.136876048848865
0.05116119990034096,-0.3480902401535726,1.0,-0.8779822555090011
0.859913725210951,0.7934956116514511,-0.28673163365968746,4.411013992922888
0.9246380903298419,-0.17053951312793636,0.9889464266120711,6.0565297923830315
0.06294575703345617,-0.07818746264894272,-0.7313803387130366,0.3931382437902785
-0.07507262777276291,-0.258965984000632,0.7626359375351222,0.4919745621707676
0.9528140846848927,1.0,0.8778644905450816,18.696274830040668
-0.5213481807454226,0.5108455994871219,0.08460355069134562,-1.4006117575539219
0.8269621564519727,-0.5864960485676358,0.8314500470998667,0.9275737532882401
-0.6166084254831674,-0.8007351548556474,0.3716993399534252,2.6881002322666263
-0.6214354264692918,0.35087315200354774,0.23034340339521941,-1.1352591317787248
0.1205826652092481,-0.5457681082317469,1.0,-2.1477284379623787
0.5211178745745675,-0.0912331234801187,-1.0,-2.339916055000974
-0.39654685328151884,-0.2816144241733358,0.46002943930064477,-0.22307249305466498
0.7048874168541648,-0.5233711261720833,-1.0,-6.531243647239612
-1.0,0.634291061440287,-0.4961868247505654,2.7517718367947492
0.02167459054453169,-1.0,1.0,-6.877514246988628
0.3847194350268557,-0.9548976285938935,-1.0,-17.777567114362498
-0.6735386337183076,-1.0,-1.0,-7.464350511753874
-0.45811305575064765,-0.0009382731218081641,-1.0,-1.476890550008788
1.0,-1.0,-0.33235329590769513,-9.689703676133188
-0.9777941984900513,0.4934017771300463,0.9997383642415194,4.384863104333134
0.23847155953685006,-0.7414591389804892,-0.16081471643787615,2.553912245937986
1.0,1.0,-0.12388589005527151,15.24944966680375
0.2083322646864858,1.0,-0.1951716809131525,9.060399189142922
0.6139374003480305,-0.2124179446102592,-0.4133463094501393,1.0754037593630894
1.0,-0.6823486471661899,-0.7820845356191006,3.748705335990752
-0.8901211018366788,-0.20100035759492174,-0.6385824464977152,0.6186192416711612
-0.542891973308544,0.7058807044197284,0.11562974522275815,-1.186210018431982
0.18859375560477853,-0.3842920274281536,-0.6033209016401755,0.6962641186810092
-0.36887523425853175,1.0,-0.9166785335600096,3.5736318207076057
-0.7008766722604041,-0.38603077191526913,1.0,3.1351994504615557
1.0,-0.2229835132984983,0.19745375791150188,4.612833541388848
0.23774403918206222,-1.0,0.800582855099992,-2.5574335995966253
0.01616117741804457,0.3329908793863501,1.0,2.31915804066245
0.36417888357534656,-0.5369090685208293,-1.0,-6.8907078458303745
0.6536589221731295,0.8184009854998084,-0.000714159001013126,3.115603143133284
-0.8629832538429161,-0.9118994692678009,0.04584526747451201,5.474672696239811
0.9060741883652403,-0.13384775003595295,-1.0,2.1775361078025073
-1.0,1.0,-0.7501532483579929,14.240339299934158
0.28457525684107976,-1.0,-0.17186820128123204,0.49880381619724423
0.27357331493650183,-0.7507882742058081,-0.32544873523366613,1.6696265825306782
0.2948698175765234,0.06959838135413832,0.395333044965156,1.11270518832974
-0.81999018750387,-0.6672895448481007,-1.0,2.234676202570828
-1.0,0.685382493279385,0.05659827544091178,-1.688579211199937
-0.3006515841483073,-1.0,-0.7748669403606976,-4.980986733431086
0.9343733322482892,0.13230406747139223,-1.0,5.790023180078317
0.5503557830774954,0.8068450162160803,-1.0,-1.1772222719892307
-0.9430601229540356,0.8799068040163442,0.7763078404827977,0.8179075561147968
0.1302672620228047,-1.0,0.12778904846398342,2.0236753621153616
0.3073802445295408,0.6143920206954723,-0.503218207314017,0.8291097649507098
-1.0,0.6642935131986354,-0.06493532827569659,-1.5505946661269723
0.270752663138802,0.7666175415972387,-0.25073511754388833,2.016190387415359
-0.2594338851807816,-1.0,-0.3228032164895518,2.0550562117550855
-0.5935713299150955,-1.0,0.7140342025552819,3.105137315254176
-0.2200056034123623,0.026573299993047472,-1.0,-2.672394064786922
-0.9652747285611087,0.6737588706160411,-0.9465197403913288,11.964971598750486
0.2341749069545227,1.0,0.7307142168084013,9.010070652863247
0.9824989186977215,-1.0,-1.0,-28.975907472274407
-0.05883648234751537,-0.9533535528940953,0.5422241714862672,0.740736656804579
-1.0,0.26827251977836775,-0.08613907002940491,-4.289536143254147
0.14599234229753244,-1.0,-0.14796029023730783,1.6549050938169563
0.5698755714800974,-1.0,1.0,-6.495918114096158
-1.0,1.0,-0.13364430839837604,9.409452811026313
-0.043286372454759636,1.0,0.5578097898523178,7.759534651541862
0.3097329865784786,-0.7990864018583657,-0.5359966150381117,0.8154476177746972
0.40661601671771086,0.3342672255037238,-0.6175076261455437,1.1483559032565154
-1.0,-0.056645176862138547,0.7516258104548161,-2.4161214804115216
-0.9152406449468966,1.0,-0.44002102508020347,6.593210406947319
-1.0,0.38764438551226266,-0.8694847543307105,8.693658608131317
0.021922662587478214,0.900377972697475,-0.6925907982793262,4.334753321276205
-1.0,-0.04227002880029773,-0.9098570225937541,6.0054532888587255
-0.583392841861706,0.8760803447480499,0.48427057589225164,1.5391909167014557
0.7560563243789675,0.46026851045566364,0.8563894047684597,5.566138689825752
0.7297105073156882,-0.3820283505706661,-0.1676295236593437,1.4840741983193217
-0.6123364561295732,1.0,-0.85000244475645,2.183259857192003
1.0,-0.02968346263116417,0.03157244188202757,4.106268967786552
-0.06280928807544739,-0.6174097552769138,-0.5725550324423785,0.7063378373243983
0.2516836213999716,0.42975769040129297,0.9766698807805223,1.9524038138932849
-0.8580836732284007,-0.34152341143891807,-0.34028788064380566,-0.35313069297882815
1.0,0.9135426466651013,-0.12921177560952413,11.487453619834005
0.4733779551098176,-0.6066332654353201,-0.48093553806621214,0.6341800377108797
1.0,1.0,0.73007726198478,17.661351208097848
1.0,-1.0,1.0,-8.691059437107363
0.23694855206921384,0.7302355731822276,0.05004803917441958,1.6040901320462595
-0.1217755334490398,-0.1783514479571111,-0.7125830785864706,1.3962289908746213
0.6129075500848791,0.4853701449716361,-0.13670442990855203,1.0098325454852106
0.0711759360387818,-1.0,-0.36516670199554535,1.1900733646370967
-0.022394269926326427,1.0,0.5799060792526765,8.436822255861546
0.8557513890382691,-1.0,-0.4996726205865074,-7.599524193238204
0.8387998961846026,-0.9472752691569786,-0.6145057036925157,-5.05156282170934
-0.1411720947114279,-0.07457281990723463,-0.9691857501495911,-2.0586085938327594
-0.01586901827496523,1.0,-0.039027855180405524,7.389807069752254
0.6885804557833624,-0.59990972453758,1.0,-2.2750665596392787
-1.0,0.04131491578110036,0.5528809517144497,-4.17010941746731
0.7376424615877599,-0.5898746575761846,-0.6944548269115314,0.6405102276102087
1.0,-0.06604839188554101,-0.3254218454764535,4.814197056456201
0.19176792847182855,0.024463834920277483,-0.9515354714303259,-2.403871876197938
0.002398811378020227,-0.5571160018964392,-0.05576531779153493,1.5461011450768938
-0.7922215769713448,-1.0,0.7278883167106287,6.273558878175873
0.5667915900018239,-1.0,1.0,-6.609667883290044
-1.0,0.8667104150871823,0.8775054875177473,4.413855859469511
-0.34487934833127576,-0.613836534216742,1.0,0.207274160422317
-0.5537175842718796,0.2151794357147534,-0.9305731837679834,-0.2964896336589995
-0.18714297323770057,-1.0,1.0,-5.150995063052806
-0.07305754402916587,0.2156389879234626,-0.26530844290188815,0.9436921867219321
-0.11471281739157457,-0.2650274138156581,-1.0,-3.589890965020932
-0.13164411482429328,0.16772121654984584,1.0,1.2519176227165252
-0.02937536321161227,-0.551671578646544,0.7051752546597245,-0.5521951875563438
-0.9651513537188219,-0.33219936138764394,-0.2945821438611447,-1.4445774220385124
1.0,0.3105330068338996,0.9139494000354893,15.905984525204488
1.0,0.06720645641270884,-0.1462882663102436,4.312993333092564
-1.0,1.0,-1.0,21.84521540645695
-0.479086373835784,-1.0,1.0,-3.2929644739060273
-1.0,-1.0,-0.5076248694286691,4.850220840013202
-0.43778392600571125,-0.23050553537353502,0.4396308236367088,0.4794444714794155
0.25825342019237585,-0.2701238993992203,-0.25936216503566656,0.3809366608739987
-0.1381473804341251,-0.8628300392571158,0.6196915557473806,0.6932296265620866
-0.25843903450891625,-0.8615151533856362,-0.6258746361216299,-0.8507870950053362
1.0,-0.4016144991306152,-1.0,2.7671078123992547
0.6336777995478717,-0.137562065399931,0.5588353587768293,1.6047890644291545
-0.7483682278200048,0.7558963806368151,-0.3454017394484703,-0.9841983563333292
-0.43062381514137815,-0.3544645179794397,0.28805051546842964,-0.08334909949509117
-0.258008874353725,1.0,-0.7939294442001865,6.116581822481743
-0.5928488121408615,1.0,0.5548891407461505,5.664694857344175
0.433309795955811,0.845502762231567,-0.3493730294332438,3.396761205677292
1.0,1.0,0.2934114099319125,12.582149181113252
0.39250446773748005,-0.5878154068120329,0.03991870104833395,1.7023556717756707
0.8068185789624898,-0.0308939861297286,0.09502709318409686,1.740893434798152
-0.39553223930769876,0.11360788331001737,0.8009574578574019,0.3969849141045312
0.5027768121925122,0.6007264501872267,1.0,4.7645135323113506
0.8623463830632887,0.7225079569472315,-0.021948512064802195,4.48838641362104
-1.0,-0.3727890871566302,-1.0,6.189495166753514
0.26117435263156796,-0.2637619993514071,0.14325777542948148,1.1545673728074395
0.8508233446961049,-1.0,0.05119810774130129,-5.543396979761718
1.0,-0.03801263098317831,-0.3817396466264802,4.971081908531514
0.19875605035577104,-0.7306743742213246,-0.6248580751935857,-0.13634381359767395
1.0,1.0,-0.1740076056863371,15.530745846820158
-0.6068178867942589,-0.39338947898217613,-0.8795622475163709,0.4966363321089373
-1.0,0.3455032861472831,0.05481103795553999,-4.273500632810262
-0.7452364440184831,-0.054818391913768805,-0.200332953349859,-1.3932362165270256
-0.5500039344056471,0.0472291117675987,0.6227578021611602,-0.6686914396284221
-0.45777592909205933,-0.4968833268923858,-0.4390758558291641,0.680812873633432
-0.30564458246730597,-0.22263265310939762,0.2540135281651035,0.5367138473333006
0.008937490284633531,0.7042827184572353,0.12973150932150412,1.2217335039921062
-0.1063354058453958,-0.9145690326177751,0.13026145412273382,2.848949886724502
0.11828445638005802,0.36175870732116877,-0.4066606501635255,-0.39076952932026343
-1.0,0.14867889788070876,-0.34670111839270135,-2.2432589179144964
1.0,0.2230857818431018,0.9382449310628125,14.238296079149066
-0.2994955677189761,1.0,1.0,15.209099414590263
0.9188134843829237,-0.31907997036568503,0.8670975248700001,4.156373811566007
-0.5540345294406137,-0.07464520894700333,-0.7120596528562995,0.4803960179588553
-0.14217989928152286,-1.0,0.4065164874047418,2.652947725754175
0.2583238880136314,1.0,1.0,10.247085155284019
0.0044837945891551545,-0.1389359243892434,-0.5774567948216143,0.907898930206717
-0.6485043466650957,-0.5024025561739331,-1.0,-1.5020459468792748
-0.39587975921536,-1.0,1.0,-4.758518994780667
-1.0,-1.0,-0.5029352649715768,4.947364002903228
1.0,-1.0,1.0,-9.194524356999858
0.39650547160794036,-0.5357408268656008,0.10370137580676198,1.538705317731913
-0.15161790387514418,0.8768092992168277,-0.7951745689452643,2.279527670541053
0.5220589783374752,-0.5161709363274658,1.0,-2.672641496744882
0.5154599181698689,1.0,-1.0,6.84184066129985
-1.0,-0.7765922980634676,-0.14320488008218968,1.725440878827779
-0.1677909539363145,1.0,0.7969963063271113,10.45291918791647
1.0,-1.0,0.1720677040980687,-7.05006523294033
0.8994731510358802,-1.0,-0.911449707119111,-20.789604250632976
-0.8816851416807849,-0.6478802982538887,-0.21844047685075152,1.1503575434253808
-1.0,0.2403108626239563,-1.0,14.272078648304733
1.0,0.49376282950605677,-0.8438352980712789,8.780111276201575
0.7406844594346658,0.5628779669687138,0.5590927625142068,3.6816690556080345
0.009578590018100686,0.3129769849217836,0.9813396038863256,1.820572212173504
0.7409692719541596,-0.6845600349854477,0.16907316297604247,0.7772854345043139
-1.0,-0.2223538014004287,0.8454078421100293,1.2903897920141416
0.4120091682997018,-0.07638780615352214,0.010888005175653692,0.6198165091323332
0.44622454125767463,-0.5184094113546149,-0.7965857179219824,-0.3110213391458967
1.0,-0.2571236788133595,-0.6511090626536757,5.729597694242
-1.0,-0.9518400446368946,1.0,21.31495571220869
0.9823731678277488,1.0,-0.030920125044383795,13.632426020430474
1.0,0.7481173711112972,0.13696721433076942,8.911690484615447
0.4576147319398147,0.328538314007935,0.5556469791730019,1.1658696568471714
1.0,1.0,0.16736684277557945,13.917029101676315
-0.4096340632732347,-0.19884706350605752,-0.385624724512184,0.5149601444867421
-1.0,-1.0,1.0,21.735855607415324
0.9299912271769726,0.8704425674367722,1.0,21.622226149575386
0.5444434687639348,0.19184072479880077,-0.3429389087761079,1.2031080099175135
-0.15293503798393115,-0.8732686329707053,-0.42812576982592887,1.7687900228418338
-0.15379825582882778,-0.597864479645601,0.9679167686140504,-0.8385836270325997
0.7100348607588436,1.0,1.0,11.376180009511422
-0.944341612819271,-1.0,-0.27020512119417694,6.575771520197445
0.1307402012885983,1.0,1.0,11.328232125435955
-1.0,-0.1197640679158587,0.8501470014498731,-0.5797939553410238
0.9335658296511831,-1.0,1.0,-8.463268878477654
-0.39807169564475986,1.0,0.12270507978825584,5.880450919116373
0.3014584268606548,-1.0,-0.25944628429092287,0.4162307943991191
-1.0,0.537501484014342,0.1935848223175176,-4.143162348798739
-1.0,-0.7703399085553422,1.0,15.999310955699888
-0.5191359097100783,-1.0,-1.0,-11.674898670050798
0.3984777294793491,-0.5886304621093748,-1.0,-7.826984570185698
0.21103811319916188,-0.7747996664254453,-0.6176551011418794,-0.15681566316964415
-0.8381039639825334,0.5158981929180633,-0.798217687493701,1.377891005307112
-0.9871806102689367,0.42790661328943935,1.0,4.870323614387583
-1.0,0.13958351250414225,0.17884204975422313,-5.334592164156663
-0.006465215445740302,0.9163664154474789,-0.0039109066360762945,4.954525987297354
-0.10693488284602237,-0.3444801414631409,0.20372247625282802,0.8956370781555192
0.13883369567091708,-0.9375311208703705,0.48421332137114126,1.4786775585701455
-0.6447481232460863,0.37663659173020947,0.6220298774964872,-1.4322418107325083
-0.10450155985570553,-0.6135546032802752,-0.5671459386334188,0.8282468885151161
0.19385290584790593,-0.9801263947115415,0.2557806467745005,1.2610778059193026
0.9346315583042852,0.486877702988753,1.0,17.400786343355843
-0.3427516007237821,0.19749944891087767,-1.0,-1.7709886511348873
-1.0,-1.0,0.14343126055800393,8.261594670256846
0.580019330070012,-0.19963114695066242,-0.11126784851194849,2.1601598585113466
-0.2835750955379881,-0.3561116615974027,-0.42556967277460256,0.2740465629931981
0.8987530805978141,1.0,-0.3650726707187941,14.764370128682394
-0.0016877027078658902,-0.9776211480739134,-0.005609480942942557,1.9796331544787646
-0.6500474795615623,-0.2527188905033626,0.25312533267659654,0.7104664610293046
0.349710208001492,-0.2823648909446701,-0.34466111711338865,0.5463719602854654
0.06765415536780162,0.7606372090993292,-0.16309333125910674,1.5285547757556714
-0.11976989189409415,1.0,-0.7253967881736945,8.37288328631259
-0.6242637823915715,1.0,0.5638663838162454,5.101704354642095
0.4699014575273277,0.5794401782908021,0.24809051983735975,0.755262141414774
-0.36615761141276026,-0.02178709411398483,-0.19757085674290842,-0.5563245139895778
-0.05691426806944766,-1.0,1.0,-6.53691650582881
0.12539421924071403,0.8330380128558164,-1.0,-2.077697006333739
0.5285743237449048,1.0,-0.9072533546207047,10.810818210174151
0.11261876743299948,0.05006811180741777,1.0,0.5289817397728779
0.18230670870996635,-1.0,0.3289466082801138,1.630914871691898
-0.2999559361290509,1.0,0.21661854119819557,6.286412852415675
0.160725301711782,-0.027643500697662082,1.0,-0.13884926270181125
0.579553954250952,-0.723169538102792,0.6129018950631537,1.3749387040978074
0.005524583881008072,0.11905292486718966,1.0,0.5761244290213654
0.5487821375919033,0.7806815844036485,0.1646165423979702,1.8736369200338656
1.0,1.0,-0.8576182046427503,31.68710487759432
-1.0,-0.0076515499965557066,-1.0,11.442648795985892
1.0,1.0,-0.7585167113765641,27.08036500083573
1.0,-0.026886301110798927,0.7950116854332321,9.320804814443907
-1.0,-1.0,0.538605337822397,13.798400435774283
0.15627092265768994,-0.7347036928441861,-0.355402192378939,2.1479784462856943
1.0,-0.11183391074521665,-0.2918283592541684,4.000771391952418
0.018277527301946206,-1.0,0.7256745373093403,-1.6064138341122887
-0.45520811029743813,-1.0,-0.6839851787424334,-1.8150439913765095
-0.23490886444066805,-0.6821065177172578,0.2610985305973448,0.5544945360392878
-0.07389421741848379,-0.35067249951310475,1.0,-1.1229215048533017
-0.787394543268275,0.9122391660888423,0.6431105579657423,0.5410908197032637
-0.49412974294785883,-0.5453968209604521,0.6662899051025959,0.8992405769224613
-0.24409800990616115,-0.7132190015454558,0.7376698862789606,-0.08396851908834657
0.6849580675786668,-0.416737017962596,0.389583781775517,2.441556639744608
-0.03517555466785427,0.5544610621581183,-0.33423229895244533,0.6147665964394071
-0.5610184625036514,0.041308706707211096,1.0,2.297772735020441
1.0,1.0,1.0,26.363147589181356
0.7006102471017797,0.640696252317768,-1.0,-0.29921898833870875
-1.0,0.8534549815718735,-0.7714416580961054,10.473892814347094
0.012469642744068477,-0.4580925565494218,0.14864611599549415,1.0007516744744442
-1.0,0.1901030072784431,0.2817125704476955,-4.6109307079401205
-0.0699095616160581,-0.7758193818313044,-0.5835920543651021,0.3138956877848391
-1.0,-0.03251155809924544,-1.0,10.76474870810996
0.24571772496492472,1.0,0.5781190497468238,8.081727431593885
-0.23126946561609651,-0.6959884954309705,-0.48205114193999066,1.0521346179334325
0.05534633440853054,-0.170311339465695,0.36178224696661143,0.43390881146353005
-0.35815477928685935,1.0,1.0,15.473640409603979
-0.901067993664707,-0.42711169460692244,-0.8883567421594427,3.5371169469330908
1.0,-0.5791387677667812,0.48620053874223723,3.27233618118941
-0.1570901004259324,0.8746888648253246,0.6309804419448695,4.376763853684897
-0.8692606265638931,0.5155553377792941,0.2658140723258424,-4.040218861605784
1.0,0.11604595331178147,1.0,15.392860293501098
0.5222472563259244,-0.05498378262835568,-0.7422080581639199,1.9698401868841808
-1.0,0.06151707988129407,0.06018232531900547,-3.5350046414693628
1.0,-0.1859976252711757,0.374200295007346,6.248094168834395
-0.1380942805464982,1.0,-0.09084492533444033,8.010306780112808
-1.0,0.9414226643576409,1.0,15.841637614967787
0.6378996461695046,-1.0,-1.0,-24.695409862451935
0.47836804186860316,0.5707099407426999,0.560744730774209,1.4855136558053943
-1.0,-1.0,0.2047446189319504,8.425720087791088
-0.7557455321698057,-0.048552697041541304,1.0,2.6890698277293916
0.7760068983857,0.5966439469067488,-1.0,0.8705170237284332
0.06429171073893447,-0.6088299197513749,-1.0,-6.930567604686777
1.0,-0.23968492175647604,0.8063503093404638,7.610945589339568
1.0,0.31258069084232054,0.8127444419970113,13.040669568815408
-0.17560441995688825,-0.35153637641876023,1.0,-0.2623477409985596
0.7543436579733973,0.46393846397235605,-1.0,0.1455538744203358
0.9996268496365428,-0.9940661337595744,0.7419944033093917,-5.8310087832628525
0.39234899346231944,1.0,-0.5236566121963766,9.68395714947016
0.3172479843563958,1.0,0.26892698554486216,7.444620766273356
0.6871529152477025,-0.8524875148273743,-0.6074477885382039,-0.7678458024682238
-0.2625312900179271,1.0,0.31538154001269736,6.045135513583695
0.13559140046477558,0.867653428576755,1.0,8.569559683577536
0.15916702574705788,0.34074328729886627,0.233105693844875,0.22837948320863838
-0.631133292994412,-0.23189959181227038,-0.1051908625323108,0.04676883773672093
0.1482218540021889,-0.9098679488746764,-0.9741030332201042,-11.409572292058824
0.37217948450852134,0.8964244126001899,-1.0,-0.4605785511518158
0.5177801287386001,-0.3837067877604061,-1.0,-4.771052520410857
0.5210231560709306,0.15885493791159266,-1.0,-2.611262554386423
-0.7526664874635576,1.0,1.0,16.504225865172923
-0.9296606252078208,-1.0,-1.0,1.562309402905914
0.027211198225875144,0.12125432060213948,1.0,0.4606715490836823
-0.977655284857236,1.0,-1.0,18.18965967953093
0.34072408425348377,0.05870764706162457,-0.7544372716950987,0.7267639881713149
-0.19257846972982118,0.7217034279575663,-0.32617593783874077,0.5874538702169587
0.40940265093784833,0.16625537772177967,1.0,0.23979326038694154
-0.20259895937906958,1.0,1.0,14.951535744319779
-1.0,0.46005810407018144,0.7659485011324703,-2.174179968878062
0.13604246096442818,-0.8095646536972334,-1.0,-11.082020579963467
-1.0,0.6509030943144694,0.49775264151660137,-3.292312828554412
-0.5488782488355233,1.0,0.05172582521739244,5.4847762654902805
-0.9089479082561989,1.0,-0.94636264087821,9.65786861701137
0.14975599438992293,1.0,0.3355369112406126,8.464920430988641
-1.0,-0.932177489741423,1.0,19.592814262268803
0.22959889339177142,-1.0,-1.0,-18.8897137407194
-1.0,0.6863264781059053,-0.41976424230376574,2.3584610014387697
-1.0,0.3390798007652702,-0.23858289108757003,-2.945009592712889
0.2691511997514062,-1.0,0.4234764165255185,0.2531265791982101
0.7272415295309855,-0.6053852536971192,-0.4451663366936216,1.2216502460025045
-0.13242011564443823,-1.0,0.9556930009465048,-4.715485814783478
0.266643129667993,0.6402205498693756,0.19116621367541198,0.6418499790400019
0.28016386587481734,-0.14182761218675366,-0.3718674508385098,1.5740688826871743
0.8010074911546747,1.0,0.8372646431499022,10.733050594460764
-0.20523503231474516,-1.0,0.7071220770732745,-0.022415146260382324
-0.28522524382375014,-1.0,0.20745227394145394,3.3178751449607597
-0.7453304831301135,-1.0,0.172181395015514,5.852342650552983
-0.06931521348277259,-1.0,-0.19654065435116497,3.1016313397379185
-0.3332579009209915,0.09158854284544904,-0.6825649618294862,0.10517984890433829
1.0,-0.110222118266182,-0.3522066823360357,4.772884965229775
-1.0,0.1597321819997215,-0.27873464194385944,-3.405462288847441
0.9986681332056329,0.7428503272629898,-1.0,17.03004879473787
-0.9662390497289277,1.0,-0.9851808073474873,16.87653065914246
-1.0,-0.3528228399055797,0.06062604564151308,-3.3195733950523296
-1.0,1.0,1.0,17.11144446374382
-0.489706055799739,0.43385212935006834,0.5675336274232989,-1.222938868615959
-0.35361531075010233,-0.03742931899924806,-0.05240278382929375,-0.6266881664394341
0.5478560107263297,1.0,-0.913991867534689,10.661674420646383
-0.9085398302426007,-0.36244434815430115,0.6719137777649402,0.10111832788554431
0.7942836957094452,0.10149329753316638,-0.08141148162744094,3.1565298807111626
-0.12920310376665634,-0.36811495929261406,-1.0,-4.951379666259606
-0.9551782419391972,-1.0,1.0,17.4908142905167
0.550858008498391,0.10429613699694174,1.0,1.39402924253102
-0.6210232828015216,-0.639230875355506,0.3656264072979163,1.6845664742915014
-0.44205323137097774,0.1515242250530593,0.895433205984743,-0.35456696985838193
0.10597549353714175,-1.0,0.19992919711002788,2.1762002668814713
