term,coef_standardised,mean,scale
x1,0.03254903551228811,-0.02019858243413295,0.7277507250218666
x2,-0.0,-0.034208524788803776,0.7084427779587676
x3,-0.0,0.0028323547815229918,0.7337562090380535
x4,-0.0,0.0030118279123422286,0.7091704315973241
x5,-0.0,-0.029421578145959863,0.7061836990102708
x6,-0.0,-0.019343317137919973,0.7209290733371094
x1^2,0.0,0.5300291005021992,0.40358023173175245
x1 x2,-0.03214429023028653,0.23715437623774507,0.47466405590130306
x1 x3,0.0,0.24281321363914768,0.48523617917053374
x1 x4,-0.0,0.2659760411002565,0.45968081990264253
x1 x5,-1.368221602429775,0.03484620426993514,0.5096580053997463
x1 x6,-0.0,0.02830825442969428,0.511988953703176
x2^2,0.01801739502739264,0.5030613928101617,0.40939584646427774
x2 x3,0.0,0.22200804281467287,0.48144364071256973
x2 x4,-0.0,0.22090776306344168,0.4708205555055477
x2 x5,0.0,0.009503510011002931,0.49972974977045326
x2 x6,0.5743019588868906,0.004836504135579265,0.5102875880946727
x3^2,-0.1232886329016071,0.5384061965355059,0.40008367425850305
x3 x4,-0.015821042165527904,0.2349223404756882,0.4770647134722524
x3 x5,-0.06920735201569007,0.020069029355662706,0.5134960111273168
x3 x6,-0.8487076579362222,0.01407077603441733,0.5261452901223673
x4^2,-0.0,0.5029317721593085,0.4026430309428222
x4 x5,-0.0,0.02724767318979032,0.5034512366408326
x4 x6,-0.0,0.014352881994335707,0.5026553620007251
x5^2,0.0,0.4995610460084276,0.4032975988844183
x5 x6,-0.0,0.21927378744863896,0.4694309086323549
x6^2,0.6708452310684261,0.5201128927006,0.40361373711741405
x1^3,0.0,-0.018441407266593237,0.6388693906500675
x1^2 x2,-0.0,-0.03687498607236359,0.488090846866864
x1^2 x3,-0.0,-0.010623477051989176,0.498996783044874
x1^2 x4,-0.0,0.0026983587837921437,0.4910519365917764
x1^2 x5,-0.0,-0.018940794659957984,0.46476156565199056
x1^2 x6,-0.49425978144435245,-0.018233538727396813,0.4649007887233445
x1 x2^2,0.0,-0.024475434317172737,0.4884441849297389
x1 x2 x3,0.0,-0.009890903935391805,0.3976669042759382
x1 x2 x4,0.0,-0.022240486522196182,0.39461761784338256
x1 x2 x5,0.0,-0.014787179177781447,0.3679172282926774
x1 x2 x6,-0.011527476932533988,-0.0036560975631587125,0.37260403531916797
x1 x3^2,0.0,-0.015209764218350701,0.49953656219360304
x1 x3 x4,-0.0,0.001859461960248308,0.4046504121856315
x1 x3 x5,0.0,-0.005684583440816205,0.3786666362275366
x1 x3 x6,-0.0,-0.01389954949161138,0.37816932837464634
x1 x4^2,-0.0,-0.009408838182859815,0.487248469209158
x1 x4 x5,0.0,-0.016135300003185717,0.37281259107506004
x1 x4 x6,-0.0,-0.010511463348210404,0.3647198260691021
x1 x5^2,0.03903380054590642,-0.018379892026393962,0.46195062824310995
x1 x5 x6,0.0,-0.014043673259859793,0.3669756888083754
x1 x6^2,0.1458935287305656,-0.02046001101180047,0.4639415233877318
x2^3,-0.0,-0.03762982027123424,0.6215283096819851
x2^2 x3,-0.0,-0.02019272708929041,0.48586024170528896
x2^2 x4,0.0,-0.006259960378049757,0.4793295206755507
x2^2 x5,-0.0,-0.02331165370624564,0.45525988541394274
x2^2 x6,-0.0,0.0037361933915110827,0.465016859649406
x2 x3^2,0.0,-0.01584092613583248,0.48789555159781045
x2 x3 x4,0.0,0.0016400806817537406,0.3951620971981953
x2 x3 x5,-0.05166186484083323,-0.013061810387555672,0.3695181212473776
x2 x3 x6,-0.0,0.013398260789487838,0.379811005815784
x2 x4^2,-0.0,-0.012751474055893683,0.4784883283558489
x2 x4 x5,-0.011104819453344154,-0.02318939604353526,0.3655441433214581
x2 x4 x6,-0.6171242276714546,0.002805551317185473,0.36869503099943784
x2 x5^2,0.0,-0.0163706752523173,0.4537608690784433
x2 x5 x6,0.03568540970629899,-0.018260268170600846,0.36645690356882826
x2 x6^2,-0.0,-0.03444816641604953,0.46448923636867356
x3^3,0.0,-0.0032190551419237997,0.6434552401125578
x3^2 x4,-0.0,-0.003840995375304489,0.4895018883933127
x3^2 x5,-0.01586166466831538,-0.010283652579725328,0.46881555539058456
x3^2 x6,-0.0,-0.01016273180949687,0.4804329125611983
x3 x4^2,-0.0,-0.009009705308287156,0.48568724848192313
x3 x4 x5,-0.0,0.004347030507207873,0.3701518266874382
x3 x4 x6,0.0,-0.005249566137215055,0.37570815023927157
x3 x5^2,-0.0,-0.0022148502197820983,0.46483200838212263
x3 x5 x6,-0.0,-0.014409842534056487,0.3750164557430237
x3 x6^2,-0.047242950025239934,-0.014304733495903919,0.4807692887062884
x4^3,-0.0,-0.0023169362287435505,0.6160585147165402
x4^2 x5,-0.0,-0.012740359355553512,0.45780274794934833
x4^2 x6,-0.0,-0.01486935844973432,0.4508543551643501
x4 x5^2,-0.0,-0.016226618013546485,0.46017363840753484
x4 x5 x6,0.0036103744969575922,-0.01826675358024397,0.3678718741598051
x4 x6^2,-0.0,-0.007548925479159917,0.4562374277698829
x5^3,-0.0,-0.025709609976749988,0.6141086385284887
x5^2 x6,0.08952500591737433,-0.010421814078684262,0.47236476251038145
x5 x6^2,0.0,-0.02145217570169793,0.47312480290660386
x6^3,-0.0,-0.016608730345263636,0.63027838937603
x1^4,0.0,0.443807850823826,0.43870819011878154
x1^3 x2,-0.0,0.20118018061846088,0.42570095863458635
x1^3 x3,-0.0,0.20104989491540953,0.43597087821865377
x1^3 x4,-0.0,0.22655578381270344,0.41607574336213843
x1^3 x5,-0.0,0.0267014822261424,0.44447702906971204
x1^3 x6,-0.0,0.0218433955742011,0.4446651983035908
x1^2 x2^2,0.0032064262072417225,0.28154816413338996,0.3541351681795393
x1^2 x2 x3,-0.16755006221965565,0.1355283138443651,0.3428447366798903
x1^2 x2 x4,-0.017925670083525247,0.13544024251807596,0.3416571512254115
x1^2 x2 x5,0.026303012688314416,0.009269151738064725,0.3375773464602879
x1^2 x2 x6,0.02799866310766851,0.005293132983419327,0.34178059274430295
x1^2 x3^2,-0.0003145584237659433,0.2944124062937886,0.35434995652110746
x1^2 x3 x4,-0.0,0.1467652858627512,0.34551420385563925
x1^2 x3 x5,0.0,0.026221453411630936,0.3468354138222746
x1^2 x3 x6,-0.0,0.020740592388795307,0.3450638995566015
x1^2 x4^2,-0.00485075779558952,0.2820497106257309,0.3538030984462527
x1^2 x4 x5,-0.0,0.025112072742911135,0.34217051200364984
x1^2 x4 x6,0.029450123662740482,0.006746082638134346,0.33410765324898156
x1^2 x5^2,0.0,0.26096554042007036,0.3299877971644293
x1^2 x5 x6,0.007737761541870105,0.11240086304430005,0.31350460155914417
x1^2 x6^2,0.0,0.26293404598292996,0.3275662230599244
x1 x2^3,-0.035482647585877214,0.19652020049250601,0.4282128472934097
x1 x2^2 x3,-0.0003104781775287702,0.13880142160102893,0.338734823984364
x1 x2^2 x4,-0.0,0.14978597733840682,0.3327267278539708
x1 x2^2 x5,-0.02242773215904114,0.014760653786348889,0.3375911597619263
x1 x2^2 x6,-0.007767500947095548,0.018031953062097112,0.34208426842402373
x1 x2 x3^2,-0.04460701324038858,0.1448215762452111,0.33761392939989515
x1 x2 x3 x4,0.0,0.08962942905447996,0.2851422349931603
x1 x2 x3 x5,0.09504243996667086,0.011460935950132757,0.273278625889863
x1 x2 x3 x6,-0.0,0.0016183721110270962,0.2760069896278271
x1 x2 x4^2,-0.0,0.1358676952054345,0.33988992860053974
x1 x2 x4 x5,0.0,0.004392532633756306,0.27309727098791203
x1 x2 x4 x6,0.0,-0.0026395109869658475,0.2713062535069286
x1 x2 x5^2,-0.013989745040229016,0.11516185936038151,0.31122411270863376
x1 x2 x5 x6,0.0,0.05360106723495362,0.25688057229734074
x1 x2 x6^2,-0.0,0.11037085130705171,0.31847422791725327
x1 x3^3,0.0,0.20159507780244085,0.43676829018014857
x1 x3^2 x4,-0.024343655776904706,0.16487592010091784,0.33671067720029324
x1 x3^2 x5,-0.0078565183654299,0.01781838417799303,0.3483052505657808
x1 x3^2 x6,0.0,0.01786562466529896,0.3479961277388414
x1 x3 x4^2,0.0,0.13894510453783362,0.3454422725979369
x1 x3 x4 x5,-0.011807943081672528,0.025402813945445676,0.27723877787328305
x1 x3 x4 x6,0.007537358027677037,0.01682995468781542,0.27714728943564465
x1 x3 x5^2,-0.0,0.12117205550221562,0.3184941093106701
x1 x3 x5 x6,0.0,0.05337021235166361,0.26558964043729033
x1 x3 x6^2,0.3767716226422868,0.11887143969825803,0.321495962942663
x1 x4^3,-0.0,0.2181780659450936,0.4144289675935383
x1 x4^2 x5,-0.04663879215372379,0.014978439662377153,0.3407682654908201
x1 x4^2 x6,0.014471771950724592,0.007276086275591354,0.3297709694671019
x1 x4 x5^2,-0.0,0.12962539061116327,0.31391836812338236
x1 x4 x5 x6,-0.0,0.06301998901648988,0.2594378900068803
x1 x4 x6^2,0.005612562023292496,0.12830791330257185,0.3014868624681859
x1 x5^3,-0.0,0.03223322807710399,0.4401355592225329
x1 x5^2 x6,-0.0,0.0038343242576375195,0.3336797212491781
x1 x5 x6^2,-0.269571442547003,0.016781492613472924,0.3341282243027283
x1 x6^3,-0.0,0.021928750339269616,0.4426809285997026
x2^4,0.0,0.42067572403830267,0.43914502570307734
x2^3 x3,-0.9843848804226595,0.18298670309076956,0.43004994632800336
x2^3 x4,0.0,0.18334307743792658,0.4235350751513873
x2^3 x5,0.011960542764374287,0.00814135628767747,0.436612887995112
x2^3 x6,0.0,0.012139101885649149,0.4454398685309038
x2^2 x3^2,-0.04992266137260643,0.2810755502569754,0.3489122910796511
x2^2 x3 x4,-0.007614788482896979,0.1380894067065093,0.33775116072934874
x2^2 x3 x5,0.06262606829580032,0.011014308170612153,0.3383799935022364
x2^2 x3 x6,-0.03628294713200827,0.012035904425252165,0.3477649036649034
x2^2 x4^2,0.02231441080116228,0.270472235268246,0.34990844075313793
x2^2 x4 x5,-0.0,0.004141436477154002,0.33620609637742527
x2^2 x4 x6,-0.0,-0.0009174843272144615,0.3391271315901533
x2^2 x5^2,0.21286428317727596,0.24982013950816914,0.33033658010833483
x2^2 x5 x6,0.025183261473178193,0.11670573157907815,0.3135796835104428
x2^2 x6^2,0.0,0.2604168143357318,0.33479311375151133
x2 x3^3,0.0,0.18807321029803203,0.4309442609454249
x2 x3^2 x4,-0.0,0.140833907113136,0.33705233914518484
x2 x3^2 x5,0.010876057587883509,-5.742539060467274e-05,0.339771150300922
x2 x3^2 x6,0.018604365750942757,0.002095963605981557,0.34932942469309924
x2 x3 x4^2,0.0,0.131088678073987,0.34106145354603956
x2 x3 x4 x5,0.0255383489666641,0.015618864260443337,0.27008841875260126
x2 x3 x4 x6,0.0,0.0029507114924031286,0.2817292295708705
x2 x3 x5^2,-0.0,0.10949854883880451,0.31583917687459667
x2 x3 x5 x6,0.0016949956162869693,0.05634458713178852,0.26619289617578445
x2 x3 x6^2,-0.05345690374873246,0.10846860059418564,0.3296683143849
x2 x4^3,0.0,0.18663972603319126,0.4212224552382303
x2 x4^2 x5,0.0,0.011006734025501458,0.33663607727761047
x2 x4^2 x6,-0.0,0.0031272222552375384,0.33424146298073426
x2 x4 x5^2,0.0,0.11275206980806908,0.3141667339049021
x2 x4 x5 x6,0.0,0.04521700093187621,0.2602867025762141
x2 x4 x6^2,0.0,0.10171406069950426,0.3186836069110376
x2 x5^3,0.18819746268211834,0.002618286215447595,0.4352323548477349
x2 x5^2 x6,0.018520433645367162,-0.003149279072066208,0.33492866589467
x2 x5 x6^2,0.0,0.007690700650064354,0.335758209908536
x2 x6^3,0.0,-0.0002037803950340353,0.4458154137048133
x3^4,0.0,0.44994817887601396,0.4385713018537103
x3^3 x4,-0.0,0.19764569028821144,0.4276385006393485
x3^3 x5,-0.0,0.012020496226922353,0.4500414442964348
x3^3 x6,-0.05863355213415018,0.010916259924170536,0.46055813332455736
x3^2 x4^2,-0.4030533818851154,0.28277924689493794,0.34762788441108133
x3^2 x4 x5,0.0,0.008419030090442092,0.3392472568011578
x3^2 x4 x6,0.006973575455054636,-0.001147179694006703,0.3466902265268099
x3^2 x5^2,-0.21686499443700374,0.26408091938294354,0.33184380160437055
x3^2 x5 x6,-0.0,0.11273376199976079,0.3226762302981643
x3^2 x6^2,0.019766675754703984,0.2770268530561613,0.3408910016246304
x3 x4^3,-0.0,0.18749624625907071,0.42614542246369363
x3 x4^2 x5,0.0,0.01924358904161413,0.33701179972867884
x3 x4^2 x6,0.0,0.01602163336863426,0.3399178016987703
x3 x4 x5^2,-0.0,0.10762595666275664,0.3179446459693781
x3 x4 x5 x6,-0.005439691536478001,0.04640816099472012,0.2637982050701251
x3 x4 x6^2,0.0036609289199983795,0.10858702987836687,0.3240911444665653
x3 x5^3,-0.0,0.01853996216635547,0.4433132571152871
x3 x5^2 x6,0.0,0.011642433422517305,0.33997241729468364
x3 x5 x6^2,-0.0,0.014441188092284991,0.3443239378641775
x3 x6^3,-0.0,0.010798089748566777,0.4607877244275995
x4^4,-0.0,0.4150617778141258,0.4339754754475016
x4^3 x5,0.0,0.021714791444815973,0.4376992671625539
x4^3 x6,-0.0,0.015185978034839336,0.42827560189295627
x4^2 x5^2,0.4378101307823841,0.2542055833694411,0.3329000849285334
x4^2 x5 x6,0.0,0.11104806110984113,0.312614987690393
x4^2 x6^2,0.0036046415167223416,0.25286841816962347,0.3198934689390907
x4 x5^3,-0.0,0.017528808778112533,0.44174411292109544
x4 x5^2 x6,0.058382520391699784,-0.00024721796523198683,0.3378606709639426
x4 x5 x6^2,-0.013334481311520369,0.024788743227205524,0.3357973859091703
x4 x6^3,-0.028494638668590193,0.018717332742490447,0.43493298713309675
x5^4,0.0,0.4122101919549702,0.43532745140324847
x5^3 x6,-0.0,0.18353773329472356,0.41373114101528496
x5^2 x6^2,-0.03784486237506778,0.2684463718414697,0.3382341518319183
x5 x6^3,-0.0,0.17651162899502504,0.4175319694752646
x6^4,0.5090675550211934,0.4334214699432705,0.4360189542024378
x1^5,0.0,-0.018957927637609662,0.6141387781230584
x1^4 x2,-0.0,-0.03438082952566689,0.45870992854865866
x1^4 x3,0.0,-0.0091571786398172,0.4694568841251146
x1^4 x4,-0.0,0.003330701450354567,0.46414318053748427
x1^4 x5,-0.0,-0.017414272294084317,0.4339508429435646
x1^4 x6,-0.0,-0.014486607792052898,0.43416421070126315
x1^3 x2^2,0.0,-0.022696210587248123,0.43504055845058304
x1^3 x2 x3,0.0,-0.009561332887193977,0.35562760845278873
x1^3 x2 x4,0.0,-0.017392151103640556,0.35501053289417345
x1^3 x2 x5,0.0,-0.014260666804860562,0.32402883102348057
x1^3 x2 x6,-0.0,-0.004689918809851638,0.3284128293875256
x1^3 x3^2,0.22248046044431422,-0.014103155826793804,0.443352401195965
x1^3 x3 x4,0.0,0.0018069315335039774,0.3626192761076216
x1^3 x3 x5,-0.0,-0.006582463602553697,0.33435688939329267
x1^3 x3 x6,-0.01009811503989609,-0.011154034528717391,0.3319559132932957
x1^3 x4^2,0.0,-0.008176130551468628,0.4374369045905356
x1^3 x4 x5,-0.0,-0.016969550846323202,0.3299149121445962
x1^3 x4 x6,-0.0,-0.011918403654170944,0.3209783197022763
x1^3 x5^2,0.0,-0.013292771902268803,0.4025522614001875
x1^3 x5 x6,0.0,-0.008600536914888698,0.3184184729540361
x1^3 x6^2,0.0,-0.015987523764665335,0.40116243990318157
x1^2 x2^3,-0.0,-0.036223963909418275,0.43487678871930313
x1^2 x2^2 x3,-0.0,-0.01513531244437128,0.33957271380749904
x1^2 x2^2 x4,0.0,-0.0031356037703877755,0.33997596298125604
x1^2 x2^2 x5,0.0,-0.018902180075338837,0.31041275464325463
x1^2 x2^2 x6,-0.01059004548583577,0.0032269843854547866,0.31521858963960836
x1^2 x2 x3^2,0.04668690846292595,-0.01861308420106247,0.3405963418564545
x1^2 x2 x3 x4,-0.0,-0.0018685968484620868,0.2780852957357754
x1^2 x2 x3 x5,0.0,-0.012324164555991807,0.2526298508586809
x1^2 x2 x3 x6,0.04525342925332799,0.003139622112734978,0.25481905663518717
x1^2 x2 x4^2,-0.0,-0.016586185163176795,0.3409552910480774
x1^2 x2 x4 x5,0.0,-0.01517310394340221,0.25181977266238786
x1^2 x2 x4 x6,-0.0,-0.002135392793650105,0.2504104565114035
x1^2 x2 x5^2,-0.0,-0.016951969963576025,0.30324013038472025
x1^2 x2 x5 x6,0.0,-0.011756752892159225,0.23948255147995431
x1^2 x2 x6^2,-0.008802732222707287,-0.026045725200554485,0.3071153464471455
x1^2 x3^3,0.0,-0.013677025692480901,0.44356348002740226
x1^2 x3^2 x4,-0.0,-0.0019902927684195514,0.34844260498903945
x1^2 x3^2 x5,-0.40938885504773487,-0.01025036668240005,0.32129746086273725
x1^2 x3^2 x6,-0.0,-0.010224540705657021,0.3190590682923371
x1^2 x3 x4^2,-0.0,-0.007102148967272206,0.3464935050572491
x1^2 x3 x4 x5,-0.07540218243490389,-0.007228310195103025,0.2571457985568334
x1^2 x3 x4 x6,-0.0,-0.009167955814717509,0.2558876753461872
x1^2 x3 x5^2,0.08263118530454193,-0.0038385826770240155,0.31286175245567044
x1^2 x3 x5 x6,0.0024450689352909305,-0.008286890901732036,0.24838606915322123
x1^2 x3 x6^2,-0.016075940390069567,-0.010959624896231538,0.3121340095130224
x1^2 x4^3,-0.0,-0.0002530686054288103,0.4356763292272116
x1^2 x4^2 x5,-0.0,-0.010038866130488645,0.3143740716656861
x1^2 x4^2 x6,0.0,-0.01304816414125603,0.30301626705788215
x1^2 x4 x5^2,-0.0,-0.007997879311128558,0.3117091009343905
x1^2 x4 x5 x6,0.0,-0.015539413894664313,0.24355017095643092
x1^2 x4 x6^2,-0.0,-0.0060483205290510975,0.2991243636356476
x1^2 x5^3,-0.0,-0.013189322017487641,0.40131018688720244
x1^2 x5^2 x6,-0.0,-0.015223626973674284,0.3023690716762764
x1^2 x5 x6^2,-0.01056290161571035,-0.020922475837904804,0.3024792377934384
x1^2 x6^3,-0.004928840564384497,-0.016441601497263477,0.39988142289633344
x1 x2^4,0.0,-0.025058340806524762,0.4604164336136012
x1 x2^3 x3,-0.0,-0.016045104546316347,0.35190937209995377
x1 x2^3 x4,0.0,-0.018598539494171795,0.35097517388851923
x1 x2^3 x5,0.03701441870779917,-0.018021190612522244,0.32407298381541755
x1 x2^3 x6,-0.0,-0.005537623189999038,0.3295957492249534
x1 x2^2 x3^2,-0.0,-0.021526095823549397,0.33707557270655253
x1 x2^2 x3 x4,-0.0016827382567289793,-0.0008266608688626145,0.274397906375701
x1 x2^2 x3 x5,0.010020579906955972,-0.013385235133036124,0.2509782485753798
x1 x2^2 x3 x6,0.0,-0.0022253373980362346,0.2537478456454154
x1 x2^2 x4^2,0.3916500936869812,-0.010076656024548936,0.3382355225240397
x1 x2^2 x4 x5,-0.0,-0.014440669906187708,0.2501175443658546
x1 x2^2 x4 x6,-0.0,-0.00212591152579616,0.2499404279413328
x1 x2^2 x5^2,-0.0,-0.0215109603225448,0.30349280194855716
x1 x2^2 x5 x6,-0.01860226533985058,-0.011694684701581914,0.2399277476768824
x1 x2^2 x6^2,-0.0,-0.019155551606623647,0.3093143447650222
x1 x2 x3^3,0.1579506984915099,-0.008832546132273439,0.3542753687785676
x1 x2 x3^2 x4,-0.0,-0.007532828429209135,0.2767109289718544
x1 x2 x3^2 x5,0.058960278225356405,-0.01228212796468864,0.2523513563308035
x1 x2 x3^2 x6,0.0,0.00159675532921776,0.25447316468777376
x1 x2 x3 x4^2,-0.0,-0.005791892525052107,0.2766307069636205
x1 x2 x3 x4 x5,-0.018474085580528442,-0.006637435783438464,0.19943451632124967
x1 x2 x3 x4 x6,0.0,-0.002023794560831847,0.2052793234106085
x1 x2 x3 x5^2,-0.0,-0.01020216355700769,0.2442938620506792
x1 x2 x3 x5 x6,0.0,-0.008710558675499427,0.1922803019486141
x1 x2 x3 x6^2,-0.0,-0.006175404488883771,0.24962338386862956
x1 x2 x4^3,0.0,-0.015046434639216946,0.3531255196258579
x1 x2 x4^2 x5,0.0,-0.007667407925414364,0.25258527804150865
x1 x2 x4^2 x6,-0.0,-0.0011311993800851281,0.24723488909333682
x1 x2 x4 x5^2,0.0,-0.014273595150269259,0.24635268592494491
x1 x2 x4 x5 x6,-0.10032940138847266,-0.00858288658179092,0.19202231423924312
x1 x2 x4 x6^2,-0.015830361175257966,-0.011604625492474135,0.243104980679147
x1 x2 x5^3,0.0,-0.009356768783651982,0.31625228041538855
x1 x2 x5^2 x6,-0.019882434140093153,-0.0003437460315020124,0.23672144890635824
x1 x2 x5 x6^2,-0.0,-0.013982761451674023,0.237868344774632
x1 x2 x6^3,-0.0,-0.007528425800210871,0.3212226554215194
x1 x3^4,0.0,-0.015744277434747333,0.4703676315795464
x1 x3^3 x4,-0.0,-0.0004049536866404603,0.3614989391228909
x1 x3^3 x5,0.0,-0.006033018724129219,0.3361551631413994
x1 x3^3 x6,-0.0,-0.010719026125348781,0.33537620949349556
x1 x3^2 x4^2,-0.019933364827765674,-0.006272021847891053,0.34548156569164024
x1 x3^2 x4 x5,-0.009248580303002402,-0.009606338065011471,0.25696487211717545
x1 x3^2 x4 x6,-0.0,-0.008848220249878023,0.25843945763781995
x1 x3^2 x5^2,0.08654556644031516,-0.009686333116024614,0.31341910502850195
x1 x3^2 x5 x6,0.0,-0.008551012265904524,0.24936064995511742
x1 x3^2 x6^2,-0.4091363807382292,-0.01230130743052466,0.3154692032125877
x1 x3 x4^3,-0.0,4.422677523161239e-05,0.35798075779702593
x1 x3 x4^2 x5,-0.0,-0.002630995389138911,0.2545562680542662
x1 x3 x4^2 x6,-0.00258336591863123,-0.015151517936650451,0.2521452681092298
x1 x3 x4 x5^2,-0.0,0.002012823143640283,0.2512811455456673
x1 x3 x4 x5 x6,0.0,-0.007236334017813662,0.1983982003399223
x1 x3 x4 x6^2,-0.028044734339590812,-0.003999218465163279,0.24975382303158414
x1 x3 x5^3,0.0,-0.005615784784583449,0.323951303841405
x1 x3 x5^2 x6,-0.007690474452956717,-0.01143663251223163,0.2439108867459086
x1 x3 x5 x6^2,-0.013058879199750972,-0.008310500012421842,0.24781465231789027
x1 x3 x6^3,-0.0,-0.011187421840988856,0.32700694271953795
x1 x4^4,-0.0,-0.008382831128626858,0.4578957697961374
x1 x4^3 x5,0.0,-0.011622363817450413,0.3272190123272095
x1 x4^3 x6,0.0,-0.009064236199872028,0.3146100259440391
x1 x4^2 x5^2,-0.04180658703979002,-0.01107253027416104,0.31040107717535254
x1 x4^2 x5 x6,0.0,-0.012883323170641588,0.2413833435332117
x1 x4^2 x6^2,0.1318303378902175,-0.015368371855182507,0.2942949636927237
x1 x4 x5^3,0.0,-0.010351468270455352,0.3250455578439713
x1 x4 x5^2 x6,-0.011095475355852499,-0.010173505833950578,0.24393222254745905
x1 x4 x5 x6^2,0.0,-0.017642759678916674,0.24269590083769824
x1 x4 x6^3,-0.0,-0.01080320712380327,0.3109480612782842
x1 x5^4,0.0001806492525043408,-0.01719616669702368,0.4291734592773596
x1 x5^3 x6,-0.0,-0.01677717265855743,0.3184130058051435
x1 x5^2 x6^2,0.0,-0.016453515842398684,0.3039545420293517
x1 x5 x6^3,0.000843866394180032,-0.010523251470676042,0.31979991769280364
x1 x6^4,0.0,-0.01884885948600455,0.43111362125433333
x2^5,-0.0,-0.03787299652744865,0.5975270670181521
x2^4 x3,-0.0,-0.026587697697136998,0.45596403775926775
x2^4 x4,0.0,-0.004386068388157665,0.451380566314849
x2^4 x5,0.0,-0.022146203799569105,0.42531108597724204
x2^4 x6,-0.0,0.003075124808578042,0.43460435826147686
x2^3 x3^2,0.0,-0.020845191002171415,0.4301853487575505
x2^3 x3 x4,0.0,-0.00427256695802346,0.35121729395249296
x2^3 x3 x5,0.0,-0.0128916842212441,0.32458398605573435
x2^3 x3 x6,-0.008747306408630723,0.009808957405275919,0.33378940555654946
x2^3 x4^2,0.0,-0.013729066644408698,0.42591302063274034
x2^3 x4 x5,-0.0,-0.022402993360879794,0.3222168940655411
x2^3 x4 x6,-0.0,0.0013164478708440036,0.32606645187390126
x2^3 x5^2,0.0,-0.018413285090734397,0.39626767471293056
x2^3 x5 x6,0.0,-0.016163836330547555,0.32022955604951925
x2^3 x6^2,-0.012762384459689087,-0.03375807643204904,0.4049495412062582
x2^2 x3^3,-0.0,-0.01823371101630556,0.4313009895189207
x2^2 x3^2 x4,-0.0,-0.006458271020971345,0.3373859135042097
x2^2 x3^2 x5,-0.0,-0.014495171670891703,0.3110918087151048
x2^2 x3^2 x6,-0.0,0.008481171621736784,0.3200871565781487
x2^2 x3 x4^2,-0.0,-0.012330177264953534,0.33783402913540317
x2^2 x3 x4 x5,-0.01428140941077822,-0.004792994495212214,0.24803217189838594
x2^2 x3 x4 x6,-0.010363214858986135,0.006099821079128054,0.2609359706786157
x2^2 x3 x5^2,-0.0,-0.014345330016062382,0.30604238215222557
x2^2 x3 x5 x6,-0.0,-0.01139519181447534,0.24940611620618192
x2^2 x3 x6^2,-0.040239733170398057,-0.012896631446928836,0.3172160717037341
x2^2 x4^3,0.0,-0.00374439277723776,0.4261953290841133
x2^2 x4^2 x5,-0.5614051066181217,-0.009964725143082841,0.3099795446979456
x2^2 x4^2 x6,-0.0,-0.00039127341611054644,0.30766086250015834
x2^2 x4 x5^2,-0.20865162024317663,-0.0065108289312675325,0.30636609367060424
x2^2 x4 x5 x6,0.0,-0.006311242252777958,0.2418366677785966
x2^2 x4 x6^2,-0.008306851239307092,-0.006727947023132736,0.30726815138526103
x2^2 x5^3,-0.0,-0.017611894066488405,0.3969358343369851
x2^2 x5^2 x6,0.0,0.0007202053788261069,0.3057832799417733
x2^2 x5 x6^2,0.034037529792717756,-0.013786813782299519,0.3062222773294051
x2^2 x6^3,-0.0,-4.813785953261912e-05,0.40595886744503396
x2 x3^4,0.07368068669680441,-0.013545333408788848,0.46019827703265326
x2 x3^3 x4,0.0,0.0005107951455479348,0.352142796882476
x2 x3^3 x5,-0.0,-0.014149676728944445,0.3273524457872159
x2 x3^3 x6,-0.0,0.009564450568543532,0.3359319553902964
x2 x3^2 x4^2,-0.0,-4.6534636994320517e-05,0.33828975252230375
x2 x3^2 x4 x5,-0.17066036284219938,-0.012057362891394731,0.24855239610103888
x2 x3^2 x4 x6,-0.0,0.004111505368664612,0.26120320040325834
x2 x3^2 x5^2,0.05499465834323017,-0.01187999003039193,0.307021290242892
x2 x3^2 x5 x6,0.010778660969878671,-0.010610702433146713,0.24899020117005652
x2 x3^2 x6^2,0.006408072640946103,-0.0118151087528297,0.31894055934758686
x2 x3 x4^3,-0.0,0.0019308589741545686,0.35222560214501125
x2 x3 x4^2 x5,-0.02142595782403737,-0.007824288942048037,0.24931446750776473
x2 x3 x4^2 x6,-0.0,0.0025887235870729187,0.2577627350695133
x2 x3 x4 x5^2,-0.04710926650162808,-0.002162025699658715,0.24427051843328482
x2 x3 x4 x5 x6,-0.0,0.0005010152856238994,0.19594171587562384
x2 x3 x4 x6^2,0.03523929350522469,-0.0027158990673742407,0.2564066955680936
x2 x3 x5^3,-0.0,-0.009633012648429985,0.3194929582203663
x2 x3 x5^2 x6,0.0,0.0047173301735068,0.2470083243341066
x2 x3 x5 x6^2,0.0,-0.005049914838710725,0.25038552977202316
x2 x3 x6^3,0.0,0.013285207207038722,0.33199733355709726
x2 x4^4,-0.0,-0.006202214106452786,0.4507105771493897
x2 x4^3 x5,-0.0,-0.01908661598595652,0.3238851037887693
x2 x4^3 x6,-0.0,0.0008564926665669723,0.31929929057578327
x2 x4^2 x5^2,0.0,-0.004592718960699854,0.30685718735260575
x2 x4^2 x5 x6,0.03331213490217365,-0.01082985395038526,0.23910209145702868
x2 x4^2 x6^2,-0.011294925638103396,-0.011788909790081908,0.3016518268239112
x2 x4 x5^3,-0.01342843223761947,-0.018421559569935752,0.3198652481649833
x2 x4 x5^2 x6,0.0,-0.0028285816769753913,0.24098261658157594
x2 x4 x5 x6^2,0.0,-0.010495653697396096,0.24021742664032228
x2 x4 x6^3,-0.0919364968400904,0.0025168614570404975,0.31913254283538034
x2 x5^4,0.0,-0.013084704097536525,0.42494075058666836
x2 x5^3 x6,0.0,-0.01513585504847273,0.3213741823455977
x2 x5^2 x6^2,-0.0,-0.01720636512402549,0.3062093358466859
x2 x5 x6^3,0.0,-0.01709816023608703,0.32102534052117937
x2 x6^4,-0.01921174682631822,-0.030842983181952034,0.4332869162953984
x3^5,-0.0,-0.0038715034437722235,0.6186984806467645
x3^4 x4,-0.0,-0.006406018331585173,0.4607872756775588
x3^4 x5,-0.0,-0.006001306956884991,0.4402744013673905
x3^4 x6,-0.00900805284526647,-0.006991251794948888,0.4496108582257114
x3^3 x4^2,0.0,-0.008928673804427521,0.4316187648079003
x3^3 x4 x5,-0.011886469741653983,0.005855954418306837,0.3268450419036449
x3^3 x4 x6,-0.0,-0.004035039461460456,0.333980550443971
x3^3 x5^2,0.0,-0.004374936412537063,0.4073815212690281
x3^3 x5 x6,-0.031152626381116977,-0.012707931940662096,0.3276403635716755
x3^3 x6^2,-0.8110878614408642,-0.011831325421737395,0.4209608191981828
x3^2 x4^3,-0.0,-0.006378340004874607,0.42984357834449066
x3^2 x4^2 x5,-0.04640548668257125,-0.00012861099805955268,0.31032910248470136
x3^2 x4^2 x6,-0.00368211705887034,-0.010890469409963322,0.3150962994969726
x3^2 x4 x5^2,-0.0,-0.006999088061074267,0.3075863149235928
x3^2 x4 x5 x6,0.031147423143972255,-0.010426302365286994,0.24530023957152497
x3^2 x4 x6^2,-0.01330828982105509,-0.0031602227513159897,0.31575338811553355
x3^2 x5^3,-0.0,-0.0075114952103286095,0.4045982882372286
x3^2 x5^2 x6,0.0,-0.008511736917740575,0.30922550681354916
x3^2 x5 x6^2,0.03415259277778491,-0.007572041157462529,0.3140807476158616
x3^2 x6^3,-0.0,-0.008332347433405177,0.42100759563519924
x3 x4^4,-0.0,-0.013535142607142975,0.4541005782404238
x3 x4^3 x5,-0.0,0.007179923625269793,0.3234694810759127
x3 x4^3 x6,0.0,-0.0047321868131239946,0.32475391136801574
x3 x4^2 x5^2,-0.01852680382921305,-0.008451755037361638,0.306426391977539
x3 x4^2 x5 x6,-0.0,-0.007357918570195374,0.24239272646939997
x3 x4^2 x6^2,-0.0,-0.014465114104093294,0.3085765378161637
x3 x4 x5^3,-0.0,0.0010443925796088205,0.3210524352976382
x3 x4 x5^2 x6,0.0,-0.003317238498443817,0.24281854283528745
x3 x4 x5 x6^2,0.0,0.00180142631358239,0.24602006553456002
x3 x4 x6^3,0.01766850869014144,-0.006448942038957552,0.3266846329293989
x3 x5^4,0.0,-0.005628385111701511,0.43178473460090155
x3 x5^3 x6,-0.0,-0.01922720879393467,0.3237130259715715
x3 x5^2 x6^2,-0.0,-0.010361628676992727,0.31244217316766965
x3 x5 x6^3,0.0,-0.01878606340693494,0.3301566876538568
x3 x6^4,-0.07443861651895711,-0.012650218953349028,0.4494212789514553
x4^5,-0.0,-0.004532027524128388,0.5906760708857334
x4^4 x5,-0.0,-0.012079140880307059,0.42748589949557586
x4^4 x6,-0.0,-0.012908285461689683,0.41599403697020826
x4^3 x5^2,-0.2130681350860137,-0.01845123395416901,0.4007350856669148
x4^3 x5 x6,0.009848813441795477,-0.01866962380167828,0.3152258904053031
x4^3 x6^2,-0.0,-0.011652035294998817,0.3864771143101356
x4^2 x5^3,-0.0,-0.015608687409554187,0.40223586251790305
x4^2 x5^2 x6,-0.0,-0.01342869769996471,0.3044472281995578
x4^2 x5 x6^2,0.0,-0.015234753741674314,0.30240145887705916
x4^2 x6^3,-0.0,-0.014503646240032099,0.38813037980334697
x4 x5^4,-0.010957322275051324,-0.01670286249073113,0.4315283739051009
x4 x5^3 x6,-0.0,-0.01837629083989101,0.32383269546819454
x4 x5^2 x6^2,-0.0,-0.01630067780445082,0.3085711695373421
x4 x5 x6^3,0.24684126805545403,-0.014515825370894443,0.3216510374151652
x4 x6^4,-0.049214095095074906,-0.0066396053626846295,0.42336757243376977
x5^5,-0.0,-0.023633436716218537,0.5894235374905176
x5^4 x6,0.0,-0.0084839490777062,0.44125542011053887
x5^3 x6^2,0.0,-0.019707811391227518,0.4130696026136973
x5^2 x6^3,0.34797537463165557,-0.009159578765359123,0.41300436257673595
x5 x6^4,0.023811739902705537,-0.018226445512818212,0.4413102059078479
x6^5,-0.0,-0.014700065034406549,0.6045545339028661
